Survived,Is_alone,Family_size_1,Family_size_2,Family_size_3,Family_size_4,Family_size_5,Family_size_6,Family_size_7,Family_size_8,Family_size_11,Pclass_1,Pclass_2,Pclass_3,Sex_female,Sex_male,Fare_scale,Age_1.0,Age_2.0,Age_3.0
0,0,0,1,0,0,0,0,0,0,0,0,0,1,0,1,-0.5024451714361923,0,1,0
1,0,0,1,0,0,0,0,0,0,0,1,0,0,1,0,0.7868452935884461,0,0,1
1,1,1,0,0,0,0,0,0,0,0,0,0,1,1,0,-0.4888542575852486,0,1,0
1,0,0,1,0,0,0,0,0,0,0,1,0,0,1,0,0.4207302360686478,0,0,1
0,1,1,0,0,0,0,0,0,0,0,0,0,1,0,1,-0.4863374216869257,0,0,1
0,1,1,0,0,0,0,0,0,0,0,0,0,1,0,1,-0.47811642890864375,0,1,0
0,1,1,0,0,0,0,0,0,0,0,1,0,0,0,1,0.395813560675251,0,0,1
0,0,0,0,0,0,1,0,0,0,0,0,0,1,0,1,-0.22408312108167944,1,0,0
1,0,0,0,1,0,0,0,0,0,0,0,0,1,1,0,-0.4242561406845337,0,1,0
1,0,0,1,0,0,0,0,0,0,0,0,1,0,1,0,-0.04295550208861426,1,0,0
1,0,0,0,1,0,0,0,0,0,0,0,0,1,1,0,-0.312172377522981,1,0,0
1,1,1,0,0,0,0,0,0,0,0,1,0,0,1,0,-0.11384570873513637,0,0,1
0,1,1,0,0,0,0,0,0,0,0,0,0,1,0,1,-0.4863374216869257,0,1,0
0,0,0,0,0,0,0,0,1,0,0,0,0,1,0,1,-0.01870931177853076,0,0,1
0,1,1,0,0,0,0,0,0,0,0,0,0,1,1,0,-0.4902797934380587,1,0,0
1,1,1,0,0,0,0,0,0,0,0,0,1,0,1,0,-0.3262666585535892,0,0,1
0,0,0,0,0,0,0,1,0,0,0,0,0,1,0,1,-0.06199888922968463,1,0,0
1,1,1,0,0,0,0,0,0,0,0,0,1,0,0,1,-0.3866707201133388,0,1,0
0,0,0,1,0,0,0,0,0,0,0,0,0,1,1,0,-0.2859972841804228,0,1,0
1,1,1,0,0,0,0,0,0,0,0,0,0,1,1,0,-0.5029485386158568,0,1,0
0,1,1,0,0,0,0,0,0,0,0,0,1,0,0,1,-0.12491978668775715,0,0,1
1,1,1,0,0,0,0,0,0,0,0,0,1,0,0,1,-0.3866707201133388,0,0,1
1,1,1,0,0,0,0,0,0,0,0,0,0,1,1,0,-0.4867562231804066,1,0,0
1,1,1,0,0,0,0,0,0,0,0,1,0,0,0,1,0.06635974158478332,0,1,0
0,0,0,0,0,0,1,0,0,0,0,0,0,1,1,0,-0.22408312108167944,1,0,0
1,0,0,0,0,0,0,0,1,0,0,0,0,1,1,0,-0.016444159470040135,0,0,1
0,1,1,0,0,0,0,0,0,0,0,0,0,1,0,1,-0.5029485386158568,0,1,0
0,0,0,0,0,0,0,1,0,0,0,1,0,0,0,1,4.647001076532463,0,1,0
1,1,1,0,0,0,0,0,0,0,0,0,0,1,1,0,-0.48977642625839407,0,1,0
0,1,1,0,0,0,0,0,0,0,0,0,0,1,0,1,-0.4894421904510968,0,1,0
0,1,1,0,0,0,0,0,0,0,0,1,0,0,0,1,-0.09027201697708476,0,0,1
1,0,0,1,0,0,0,0,0,0,0,1,0,0,1,0,2.301728820789,0,1,0
1,1,1,0,0,0,0,0,0,0,0,0,0,1,1,0,-0.49237782784290063,0,1,0
0,1,1,0,0,0,0,0,0,0,0,0,1,0,0,1,-0.43700743807979686,0,0,1
0,0,0,1,0,0,0,0,0,0,0,1,0,0,0,1,1.0060617003323709,0,1,0
0,0,0,1,0,0,0,0,0,0,0,1,0,0,0,1,0.39858208016340624,0,0,1
1,1,1,0,0,0,0,0,0,0,0,0,0,1,0,1,-0.5028639729296732,0,1,0
0,1,1,0,0,0,0,0,0,0,0,0,0,1,0,1,-0.4863374216869257,0,1,0
0,0,0,0,1,0,0,0,0,0,0,0,0,1,1,0,-0.2859972841804228,0,1,0
1,0,0,1,0,0,0,0,0,0,0,0,0,1,1,0,-0.42207354059350805,1,0,0
0,0,0,1,0,0,0,0,0,0,0,0,0,1,1,0,-0.4576454924460446,0,0,1
0,0,0,1,0,0,0,0,0,0,0,0,1,0,1,0,-0.22559322262067316,0,1,0
0,1,1,0,0,0,0,0,0,0,0,0,0,1,0,1,-0.4894421904510968,0,1,0
1,0,0,0,0,1,0,0,0,0,0,0,1,0,1,0,0.18876253192945994,1,0,0
1,1,1,0,0,0,0,0,0,0,0,0,0,1,1,0,-0.48977642625839407,0,1,0
0,1,1,0,0,0,0,0,0,0,0,0,0,1,0,1,-0.4863374216869257,0,1,0
0,0,0,1,0,0,0,0,0,0,0,0,0,1,0,1,-0.3363340021468808,0,1,0
1,1,1,0,0,0,0,0,0,0,0,0,0,1,1,0,-0.49237782784290063,0,1,0
0,0,0,0,1,0,0,0,0,0,0,0,0,1,0,1,-0.21191774308354583,0,1,0
0,0,0,1,0,0,0,0,0,0,0,0,0,1,1,0,-0.29002422161773944,0,1,0
0,0,0,0,0,0,0,1,0,0,0,0,0,1,0,1,0.1506737441786005,1,0,0
0,1,1,0,0,0,0,0,0,0,0,0,0,1,0,1,-0.4913710934835715,0,1,0
1,0,0,1,0,0,0,0,0,0,0,1,0,0,1,0,0.8964967865378598,0,0,1
1,0,0,1,0,0,0,0,0,0,0,0,1,0,1,0,-0.12491978668775715,0,1,0
0,0,0,1,0,0,0,0,0,0,0,1,0,0,0,1,0.5995101505357573,0,0,1
1,1,1,0,0,0,0,0,0,0,0,1,0,0,0,1,0.06635974158478332,0,1,0
1,1,1,0,0,0,0,0,0,0,0,0,1,0,1,0,-0.43700743807979686,0,1,0
0,1,1,0,0,0,0,0,0,0,0,0,0,1,0,1,-0.5028639729296732,0,1,0
1,0,0,0,0,1,0,0,0,0,0,0,1,0,1,0,-0.08968408411123653,1,0,0
0,0,0,0,0,0,0,0,0,1,0,0,0,1,0,1,0.2958951755118318,1,0,0
0,1,1,0,0,0,0,0,0,0,0,0,0,1,0,1,-0.5028639729296732,0,1,0
1,1,1,0,0,0,0,0,0,0,0,1,0,0,1,0,0.962353321387736,0,0,1
0,0,0,1,0,0,0,0,0,0,0,1,0,0,0,1,1.0323213593611125,0,0,1
0,0,0,0,0,0,0,1,0,0,0,0,0,1,0,1,-0.08666388103324908,1,0,0
0,1,1,0,0,0,0,0,0,0,0,1,0,0,0,1,-0.09027201697708476,0,1,0
1,0,0,0,1,0,0,0,0,0,0,0,0,1,0,1,-0.3414522396297103,0,1,0
1,1,1,0,0,0,0,0,0,0,0,0,1,0,1,0,-0.43700743807979686,0,1,0
0,1,1,0,0,0,0,0,0,0,0,0,0,1,0,1,-0.4841568350646187,0,1,0
1,0,0,0,0,0,0,0,1,0,0,0,0,1,1,0,-0.4888542575852486,1,0,0
0,0,0,0,1,0,0,0,0,0,0,0,0,1,0,1,-0.47400492578514347,0,1,0
0,1,1,0,0,0,0,0,0,0,0,0,1,0,0,1,-0.43700743807979686,0,0,1
0,0,0,0,0,0,0,0,0,1,0,0,0,1,1,0,0.2958951755118318,1,0,0
0,1,1,0,0,0,0,0,0,0,0,0,1,0,0,1,0.8314778546749452,0,1,0
0,0,0,1,0,0,0,0,0,0,0,0,0,1,0,1,-0.3573908580066095,0,1,0
1,1,1,0,0,0,0,0,0,0,0,0,0,1,0,1,0.48910360681684706,0,0,1
0,1,1,0,0,0,0,0,0,0,0,0,0,1,0,1,-0.494391296561559,0,1,0
0,1,1,0,0,0,0,0,0,0,0,0,0,1,0,1,-0.4894421904510968,0,1,0
0,1,1,0,0,0,0,0,0,0,0,0,0,1,0,1,-0.4863374216869257,0,1,0
1,0,0,0,1,0,0,0,0,0,0,0,1,0,0,1,-0.06451572512800753,1,0,0
1,1,1,0,0,0,0,0,0,0,0,0,0,1,1,0,-0.397241430886295,0,1,0
0,1,1,0,0,0,0,0,0,0,0,0,0,1,0,1,-0.46720946885967163,0,1,0
1,1,1,0,0,0,0,0,0,0,0,0,0,1,0,1,-0.45714212526638004,0,1,0
1,1,1,0,0,0,0,0,0,0,0,0,0,1,1,0,-0.49162277707340374,0,1,0
0,1,1,0,0,0,0,0,0,0,0,1,0,0,0,1,0.29992211294914856,0,1,0
1,1,1,0,0,0,0,0,0,0,0,0,1,0,1,0,-0.43700743807979686,1,0,0
1,0,0,0,0,1,0,0,0,0,0,0,0,1,1,0,-0.32928686163157667,0,0,1
0,0,0,0,0,0,1,0,0,0,0,0,0,1,0,1,0.04370821849987721,1,0,0
0,1,1,0,0,0,0,0,0,0,0,0,0,1,0,1,-0.4863374216869257,0,1,0
1,0,0,0,0,0,0,1,0,0,0,1,0,0,1,0,4.647001076532463,0,1,0
0,1,1,0,0,0,0,0,0,0,0,0,0,1,0,1,-0.4863374216869257,0,1,0
0,1,1,0,0,0,0,0,0,0,0,0,0,1,0,1,-0.4863374216869257,0,1,0
0,1,1,0,0,0,0,0,0,0,0,0,0,1,0,1,-0.4902797934380587,0,1,0
0,0,0,1,0,0,0,0,0,0,0,1,0,0,0,1,0.5833178351003071,0,0,1
0,0,0,0,0,1,0,0,0,0,0,0,0,1,0,1,-0.23415046467497105,0,1,0
0,1,1,0,0,0,0,0,0,0,0,0,0,1,0,1,-0.5024451714361923,0,0,1
0,1,1,0,0,0,0,0,0,0,0,0,0,1,0,1,-0.4863374216869257,0,1,0
0,1,1,0,0,0,0,0,0,0,0,1,0,0,0,1,0.0493298231623713,0,0,1
1,0,0,1,0,0,0,0,0,0,0,1,0,0,0,1,0.6272778976347743,0,1,0
1,0,0,1,0,0,0,0,0,0,0,0,1,0,1,0,-0.18532384824750675,0,0,1
0,0,0,1,0,0,0,0,0,0,0,0,1,0,0,1,-0.12491978668775715,0,0,1
0,1,1,0,0,0,0,0,0,0,0,0,0,1,1,0,-0.4894421904510968,0,1,0
0,1,1,0,0,0,0,0,0,0,0,0,0,1,0,1,-0.4894421904510968,0,1,0
0,0,0,1,0,0,0,0,0,0,0,1,0,0,0,1,0.907737982394129,0,1,0
0,1,1,0,0,0,0,0,0,0,0,0,0,1,0,1,-0.4741720436887921,0,0,1
0,0,0,0,1,0,0,0,0,0,0,0,0,1,0,1,-0.4888542575852486,0,0,1
0,1,1,0,0,0,0,0,0,0,0,0,0,1,0,1,-0.4894421904510968,0,1,0
1,1,1,0,0,0,0,0,0,0,0,0,0,1,1,0,-0.494391296561559,0,1,0
1,1,1,0,0,0,0,0,0,0,0,0,0,1,0,1,-0.4918744606632361,0,1,0
0,1,1,0,0,0,0,0,0,0,0,0,0,1,0,1,-0.4894421904510968,0,0,1
1,0,0,1,0,0,0,0,0,0,0,0,0,1,1,0,-0.1621689579829361,0,1,0
0,1,1,0,0,0,0,0,0,0,0,1,0,0,0,1,0.39858208016340624,0,0,1
0,0,0,1,0,0,0,0,0,0,0,0,0,1,1,0,-0.3573908580066095,1,0,0
0,1,1,0,0,0,0,0,0,0,0,0,0,1,0,1,-0.4863374216869257,0,1,0
0,0,0,1,0,0,0,0,0,0,0,0,0,1,1,0,-0.4505983519307405,0,1,0
0,1,1,0,0,0,0,0,0,0,0,0,0,1,1,0,-0.3573083057891445,1,0,0
0,1,1,0,0,0,0,0,0,0,0,0,0,1,0,1,-0.4888542575852486,0,1,0
0,1,1,0,0,0,0,0,0,0,0,0,0,1,0,1,-0.49237782784290063,0,0,1
0,0,0,1,0,0,0,0,0,0,0,0,1,0,0,1,-0.22559322262067316,0,1,0
0,0,0,1,0,0,0,0,0,0,0,1,0,0,0,1,4.335332226633905,0,1,0
0,0,0,0,0,0,0,0,1,0,0,0,0,1,1,0,-0.01870931177853076,1,0,0
0,0,0,0,1,0,0,0,0,0,0,0,1,0,0,1,0.8314778546749452,0,1,0
0,1,1,0,0,0,0,0,0,0,0,0,0,1,0,1,-0.4863374216869257,0,1,0
0,0,0,1,0,0,0,0,0,0,0,0,1,0,0,1,-0.04295550208861426,0,0,1
1,1,1,0,0,0,0,0,0,0,0,0,1,0,1,0,-0.3866707201133388,0,0,1
0,0,0,1,0,0,0,0,0,0,0,1,0,0,0,1,0.907737982394129,0,0,1
1,0,0,1,0,0,0,0,0,0,0,0,0,1,0,1,-0.42207354059350805,1,0,0
0,1,1,0,0,0,0,0,0,0,0,0,0,1,0,1,-0.49237782784290063,0,1,0
1,1,1,0,0,0,0,0,0,0,0,0,0,1,0,1,-0.5046257580584992,0,1,0
1,0,0,0,1,0,0,0,0,0,0,0,0,1,1,0,-0.19824427701513722,0,1,0
0,1,1,0,0,0,0,0,0,0,0,0,0,1,0,1,-0.5079822104125026,0,0,1
0,1,1,0,0,0,0,0,0,0,0,0,0,1,0,1,-0.4894421904510968,0,0,1
0,1,1,0,0,0,0,0,0,0,0,0,0,1,0,1,-0.5064721088735089,0,1,0
0,0,0,1,0,0,0,0,0,0,0,0,0,1,1,0,-0.35646868933346404,0,0,1
1,0,0,1,0,0,0,0,0,0,0,0,1,0,1,0,-0.12491978668775715,0,1,0
0,1,1,0,0,0,0,0,0,0,0,0,1,0,0,1,-0.3866707201133388,0,1,0
0,1,1,0,0,0,0,0,0,0,0,0,1,0,0,1,-0.3454791770670269,0,1,0
1,0,0,0,1,0,0,0,0,0,0,1,0,0,1,0,-0.11921562980779811,0,1,0
0,0,0,1,0,0,0,0,0,0,0,1,0,0,0,1,0.4207302360686478,0,0,1
0,1,1,0,0,0,0,0,0,0,0,0,0,1,0,1,-0.4628462821463391,1,0,0
0,1,1,0,0,0,0,0,0,0,0,1,0,0,0,1,0.9462455716384695,0,1,0
0,0,0,0,1,0,0,0,0,0,0,0,0,1,1,0,-0.3414522396297103,0,1,0
1,1,1,0,0,0,0,0,0,0,0,0,0,1,1,0,-0.49237782784290063,0,1,0
1,0,0,1,0,0,0,0,0,0,0,0,0,1,1,0,-0.32928686163157667,0,1,0
0,1,1,0,0,0,0,0,0,0,0,0,0,1,0,1,-0.5125125150294839,0,1,0
0,1,1,0,0,0,0,0,0,0,0,0,1,0,0,1,-0.41687275089321363,0,1,0
0,0,0,0,1,0,0,0,0,0,0,0,1,0,0,1,0.09152810056801232,0,1,0
1,1,1,0,0,0,0,0,0,0,0,0,0,1,0,1,-0.49145565916975514,0,1,0
0,0,0,0,0,0,1,0,0,0,0,0,0,1,1,0,0.04370821849987721,1,0,0
0,0,0,0,1,0,0,0,0,0,0,0,1,0,0,1,-0.12491978668775715,0,0,1
0,1,1,0,0,0,0,0,0,0,0,0,1,0,0,1,-0.3866707201133388,0,0,1
0,1,1,0,0,0,0,0,0,0,0,0,1,0,0,1,-0.39623469652696586,0,0,1
1,0,0,1,0,0,0,0,0,0,0,1,0,0,1,0,0.6925485130875209,0,1,0
0,1,1,0,0,0,0,0,0,0,0,0,0,1,0,1,-0.4863374216869257,0,0,1
0,0,0,0,1,0,0,0,0,0,0,0,0,1,0,1,-0.35646868933346404,0,0,1
0,1,1,0,0,0,0,0,0,0,0,0,0,1,0,1,-0.5011867534870308,0,1,0
0,0,0,1,0,0,0,0,0,0,0,1,0,0,0,1,0.5874293382238074,0,0,1
1,1,1,0,0,0,0,0,0,0,0,0,0,1,1,0,-0.49271407711891657,1,0,0
0,1,1,0,0,0,0,0,0,0,0,0,0,1,0,1,-0.4863374216869257,0,1,0
0,1,1,0,0,0,0,0,0,0,0,0,0,1,0,1,-0.47400492578514347,0,1,0
0,0,0,0,0,0,0,0,0,0,1,0,0,1,0,1,0.7519458402879414,0,1,0
0,0,0,1,0,0,0,0,0,0,0,0,0,1,0,1,-0.32425318983493084,0,0,1
1,1,1,0,0,0,0,0,0,0,0,0,1,0,1,0,-0.331300330350235,0,0,1
0,1,1,0,0,0,0,0,0,0,0,0,0,1,0,1,-0.4918744606632361,0,1,0
0,1,1,0,0,0,0,0,0,0,0,0,0,1,0,1,-0.47400492578514347,1,0,0
0,0,0,0,0,0,0,1,0,0,0,0,0,1,0,1,0.1506737441786005,1,0,0
1,0,0,0,1,0,0,0,0,0,0,0,0,1,0,1,-0.2351571990343002,1,0,0
1,0,0,1,0,0,0,0,0,0,0,1,0,0,1,0,0.4589861417231558,0,1,0
0,0,0,0,0,0,0,1,0,0,0,0,0,1,1,0,-0.08666388103324908,0,0,1
0,1,1,0,0,0,0,0,0,0,0,1,0,0,0,1,-0.12642988822675086,0,1,0
0,1,1,0,0,0,0,0,0,0,0,0,0,1,0,1,0.48910360681684706,0,1,0
0,1,1,0,0,0,0,0,0,0,0,1,0,0,0,1,0.026090367211616904,0,0,1
0,0,0,0,0,0,0,1,0,0,0,0,0,1,0,1,-0.06199888922968463,1,0,0
1,0,0,0,1,0,0,0,0,0,0,0,0,1,1,0,-0.4242561406845337,1,0,0
0,1,1,0,0,0,0,0,0,0,0,0,0,1,0,1,-0.4888542575852486,0,1,0
0,1,1,0,0,0,0,0,0,0,0,1,0,0,0,1,-0.030371322596999754,0,0,1
0,0,0,0,1,0,0,0,0,0,0,0,0,1,0,1,-0.4902797934380587,0,1,0
0,0,0,0,0,0,1,0,0,0,0,0,0,1,0,1,-0.13565761536436197,0,1,0
0,1,1,0,0,0,0,0,0,0,0,1,0,0,1,0,-0.07030444769415023,0,0,1
0,1,1,0,0,0,0,0,0,0,0,0,1,0,0,1,-0.3866707201133388,0,1,0
0,1,1,0,0,0,0,0,0,0,0,0,0,1,0,1,-0.6484216535389205,0,0,1
0,0,0,0,0,0,0,0,0,0,1,0,0,1,1,0,0.7519458402879414,0,1,0
0,1,1,0,0,0,0,0,0,0,0,0,1,0,0,1,-0.34539461138084326,0,1,0
0,0,0,0,0,0,0,0,1,0,0,0,0,1,0,1,-0.016444159470040135,1,0,0
1,0,0,0,0,1,0,0,0,0,0,0,1,0,0,1,0.13683114673782454,1,0,0
1,0,0,0,1,0,0,0,0,0,0,0,0,1,1,0,-0.20495516825442542,1,0,0
0,1,1,0,0,0,0,0,0,0,0,1,0,0,0,1,0.3583127057902398,0,1,0
1,0,0,1,0,0,0,0,0,0,0,0,0,1,1,0,-0.3363340021468808,0,1,0
1,1,1,0,0,0,0,0,0,0,0,1,0,0,0,1,-0.11384570873513637,0,0,1
0,0,0,0,1,0,0,0,0,0,0,0,0,1,0,1,-0.3363340021468808,0,0,1
0,1,1,0,0,0,0,0,0,0,0,0,0,1,0,1,-0.4894421904510968,0,0,1
1,1,1,0,0,0,0,0,0,0,0,0,1,0,1,0,-0.3866707201133388,0,0,1
0,1,1,0,0,0,0,0,0,0,0,0,1,0,0,1,-0.3866707201133388,0,1,0
1,0,0,1,0,0,0,0,0,0,0,0,0,1,1,0,-0.4902797934380587,0,1,0
1,0,0,0,1,0,0,0,0,0,0,0,1,0,0,1,-0.12491978668775715,1,0,0
1,1,1,0,0,0,0,0,0,0,0,1,0,0,1,0,-0.09027201697708476,0,0,1
1,1,1,0,0,0,0,0,0,0,0,1,0,0,1,0,2.301728820789,0,0,1
0,1,1,0,0,0,0,0,0,0,0,0,0,1,0,1,-0.49237782784290063,0,1,0
0,0,0,1,0,0,0,0,0,0,0,0,0,1,0,1,-0.47920571548543794,0,0,1
1,1,1,0,0,0,0,0,0,0,0,0,0,1,1,0,-0.49237782784290063,0,1,0
0,1,1,0,0,0,0,0,0,0,0,0,1,0,1,0,-0.3866707201133388,0,1,0
0,1,1,0,0,0,0,0,0,0,0,0,0,1,0,1,-0.45714212526638004,0,1,0
0,0,0,0,0,0,0,0,0,0,1,0,0,1,0,1,0.7519458402879414,0,1,0
0,1,1,0,0,0,0,0,0,0,0,0,0,1,0,1,-0.5176307525123133,0,0,1
0,1,1,0,0,0,0,0,0,0,0,0,0,1,0,1,-0.5029485386158568,0,0,1
1,1,1,0,0,0,0,0,0,0,0,0,0,1,0,1,-0.4863374216869257,0,1,0
0,0,0,1,0,0,0,0,0,0,0,0,0,1,1,0,-0.43776248884929375,1,0,0
0,0,0,1,0,0,0,0,0,0,0,0,0,1,0,1,-0.32928686163157667,0,0,1
1,1,1,0,0,0,0,0,0,0,0,0,0,1,0,1,-0.2701412180209885,0,1,0
1,1,1,0,0,0,0,0,0,0,0,0,0,1,1,0,-0.49237782784290063,1,0,0
1,1,1,0,0,0,0,0,0,0,0,1,0,0,0,1,-0.024246350754841113,0,0,1
0,1,1,0,0,0,0,0,0,0,0,0,0,1,0,1,-0.5064721088735089,0,1,0
1,1,1,0,0,0,0,0,0,0,0,0,1,0,1,0,-0.22559322262067316,0,0,1
0,1,1,0,0,0,0,0,0,0,0,0,0,1,0,1,-0.5024451714361923,0,1,0
0,1,1,0,0,0,0,0,0,0,0,0,1,0,0,1,-0.3866707201133388,0,1,0
0,0,0,1,0,0,0,0,0,0,0,0,0,1,0,1,-0.49237782784290063,0,1,0
1,0,0,1,0,0,0,0,0,0,0,1,0,0,1,0,1.6323350375212924,0,1,0
1,1,1,0,0,0,0,0,0,0,0,0,0,1,1,0,-0.4888542575852486,0,1,0
0,0,0,1,0,0,0,0,0,0,0,0,1,0,0,1,-0.10478509950117394,0,0,1
1,1,1,0,0,0,0,0,0,0,0,1,0,0,1,0,0.8876878608937296,0,0,1
0,1,1,0,0,0,0,0,0,0,0,0,1,0,0,1,-0.43700743807979686,0,1,0
1,1,1,0,0,0,0,0,0,0,0,0,0,1,0,1,-0.4863374216869257,1,0,0
0,1,1,0,0,0,0,0,0,0,0,0,1,0,0,1,-0.3866707201133388,0,1,0
0,1,1,0,0,0,0,0,0,0,0,0,0,1,0,1,-0.4863374216869257,0,0,1
0,1,1,0,0,0,0,0,0,0,0,0,0,1,0,1,-0.4894421904510968,0,1,0
1,0,0,1,0,0,0,0,0,0,0,1,0,0,0,1,1.163700193253568,0,0,1
0,1,1,0,0,0,0,0,0,0,0,0,0,1,0,1,-0.4601623283443675,0,1,0
1,1,1,0,0,0,0,0,0,0,0,0,1,0,0,1,-0.43700743807979686,0,1,0
0,1,1,0,0,0,0,0,0,0,0,0,0,1,0,1,-0.5024451714361923,0,1,0
0,1,1,0,0,0,0,0,0,0,0,0,1,0,0,1,-0.3866707201133388,0,1,0
0,0,0,0,0,0,1,0,0,0,0,0,0,1,1,0,-0.13565761536436197,0,1,0
1,0,0,1,0,0,0,0,0,0,0,1,0,0,1,0,1.0323213593611125,0,0,1
0,1,1,0,0,0,0,0,0,0,0,0,0,1,0,1,-0.4918744606632361,0,1,0
0,1,1,0,0,0,0,0,0,0,0,0,1,0,0,1,-0.3766033765200472,0,0,1
1,0,0,0,0,0,0,0,1,0,0,0,0,1,1,0,-0.016444159470040135,1,0,0
0,1,1,0,0,0,0,0,0,0,0,0,1,0,0,1,-0.43700743807979686,0,1,0
0,1,1,0,0,0,0,0,0,0,0,0,0,1,1,0,-0.49640476528021726,0,1,0
0,0,0,1,0,0,0,0,0,0,0,0,1,0,0,1,-0.12491978668775715,0,0,1
1,0,0,0,1,0,0,0,0,0,0,0,1,0,1,0,-0.11988611489111134,1,0,0
0,1,1,0,0,0,0,0,0,0,0,0,1,0,0,1,-0.43700743807979686,0,1,0
0,1,1,0,0,0,0,0,0,0,0,0,1,0,0,1,-0.4012683683236117,0,0,1
0,0,0,1,0,0,0,0,0,0,0,0,0,1,1,0,-0.3573908580066095,0,1,0
1,0,0,1,0,0,0,0,0,0,0,0,0,1,1,0,-0.3363340021468808,0,1,0
0,1,1,0,0,0,0,0,0,0,0,0,1,0,0,1,-0.43700743807979686,0,1,0
0,1,1,0,0,0,0,0,0,0,0,0,0,1,0,1,-0.5049620073345151,0,1,0
0,1,1,0,0,0,0,0,0,0,0,0,0,1,0,1,-0.5029485386158568,0,1,0
0,0,0,0,1,0,0,0,0,0,0,1,0,0,0,1,1.163700193253568,0,0,1
0,1,1,0,0,0,0,0,0,0,0,0,0,1,1,0,-0.4918744606632361,0,1,0
1,0,0,0,1,0,0,0,0,0,0,0,1,0,1,0,-0.35646868933346404,0,1,0
1,0,0,0,1,0,0,0,0,0,0,1,0,0,0,1,0.40974072380221066,0,0,1
0,0,0,1,0,0,0,0,0,0,0,0,1,0,0,1,-0.12491978668775715,0,0,1
0,1,1,0,0,0,0,0,0,0,0,0,0,1,0,1,-0.5024451714361923,0,1,0
0,0,0,0,1,0,0,0,0,0,0,0,0,1,1,0,-0.43776248884929375,0,1,0
0,1,1,0,0,0,0,0,0,0,0,1,0,0,0,1,-0.11384570873513637,0,0,1
0,0,0,1,0,0,0,0,0,0,0,0,0,1,0,1,-0.32425318983493084,0,1,0
0,0,0,0,1,0,0,0,0,0,0,0,0,1,1,0,-0.2414492887801075,0,0,1
1,0,0,0,1,0,0,0,0,0,0,0,0,1,1,0,-0.3414522396297103,0,1,0
1,1,1,0,0,0,0,0,0,0,0,1,0,0,1,0,0.9462455716384695,0,1,0
1,1,1,0,0,0,0,0,0,0,0,1,0,0,1,0,1.093228788100527,0,1,0
1,1,1,0,0,0,0,0,0,0,0,1,0,0,1,0,9.667166525013505,0,0,1
1,0,0,1,0,0,0,0,0,0,0,0,1,0,1,0,-0.12491978668775715,0,0,1
0,1,1,0,0,0,0,0,0,0,0,0,0,1,0,1,-0.49237782784290063,0,1,0
1,0,0,0,0,0,0,0,1,0,0,0,0,1,0,1,-0.016444159470040135,1,0,0
0,0,0,0,1,0,0,0,0,0,0,1,0,0,0,1,0.955306180872432,0,0,1
0,1,1,0,0,0,0,0,0,0,0,1,0,0,0,1,-0.6484216535389205,0,0,1
0,1,1,0,0,0,0,0,0,0,0,0,0,1,1,0,-0.49237782784290063,0,1,0
0,1,1,0,0,0,0,0,0,0,0,0,1,0,0,1,-0.43700743807979686,0,0,1
0,0,0,0,0,0,0,1,0,0,0,0,0,1,0,1,0.1506737441786005,1,0,0
1,0,0,1,0,0,0,0,0,0,0,0,0,1,0,1,-0.4918744606632361,0,1,0
1,0,0,1,0,0,0,0,0,0,0,1,0,0,1,0,2.441497778832105,0,0,1
1,1,1,0,0,0,0,0,0,0,0,1,0,0,1,0,2.0825124140450755,0,0,1
0,1,1,0,0,0,0,0,0,0,0,1,0,0,0,1,-0.024246350754841113,0,1,0
1,1,1,0,0,0,0,0,0,0,0,0,0,1,0,1,-0.6484216535389205,0,1,0
1,0,0,1,0,0,0,0,0,0,0,0,1,0,1,0,-0.255795253400548,0,0,1
0,0,0,1,0,0,0,0,0,0,0,1,0,0,0,1,-0.05042144409739929,0,0,1
1,1,1,0,0,0,0,0,0,0,0,0,0,1,1,0,-0.49237782784290063,0,1,0
1,0,0,1,0,0,0,0,0,0,0,1,0,0,1,0,0.921244330558889,0,0,1
0,1,1,0,0,0,0,0,0,0,0,0,0,1,1,0,-0.49237782784290063,0,0,1
0,1,1,0,0,0,0,0,0,0,0,0,1,0,0,1,-0.6484216535389205,0,1,0
0,0,0,0,0,0,0,1,0,0,0,0,0,1,0,1,-0.06199888922968463,1,0,0
1,0,0,0,1,0,0,0,0,0,0,0,0,1,1,0,-0.24069423801061057,0,0,1
0,1,1,0,0,0,0,0,0,0,0,0,0,1,0,1,-0.49237782784290063,0,0,1
0,1,1,0,0,0,0,0,0,0,0,0,0,1,0,1,-0.4902797934380587,0,1,0
0,1,1,0,0,0,0,0,0,0,0,0,0,1,0,1,-0.45714212526638004,1,0,0
1,1,1,0,0,0,0,0,0,0,0,0,0,1,0,1,-0.4863374216869257,0,1,0
0,1,1,0,0,0,0,0,0,0,0,1,0,0,0,1,-0.12491978668775715,0,1,0
0,1,1,0,0,0,0,0,0,0,0,0,0,1,0,1,-0.47400492578514347,0,0,1
1,1,1,0,0,0,0,0,0,0,0,0,0,1,0,1,-0.45714212526638004,0,1,0
0,1,1,0,0,0,0,0,0,0,0,0,0,1,0,1,-0.4894421904510968,0,1,0
1,1,1,0,0,0,0,0,0,0,0,0,1,0,0,1,-0.3866707201133388,0,0,1
1,1,1,0,0,0,0,0,0,0,0,0,0,1,1,0,-0.49237782784290063,0,1,0
1,1,1,0,0,0,0,0,0,0,0,1,0,0,1,0,0.9391984311231651,0,1,0
1,0,0,1,0,0,0,0,0,0,0,1,0,0,1,0,1.1854295476653287,0,1,0
0,1,1,0,0,0,0,0,0,0,0,0,1,0,0,1,-0.3891875560116617,0,0,1
0,1,1,0,0,0,0,0,0,0,0,0,0,1,1,0,-0.4702296719376591,0,1,0
0,1,1,0,0,0,0,0,0,0,0,0,0,1,0,1,-0.4894421904510968,0,1,0
0,1,1,0,0,0,0,0,0,0,0,1,0,0,0,1,-0.09027201697708476,0,1,0
0,1,1,0,0,0,0,0,0,0,0,0,0,1,0,1,-0.5028639729296732,0,1,0
0,0,0,0,0,1,0,0,0,0,0,1,0,0,1,0,2.4029901895877646,1,0,0
1,1,1,0,0,0,0,0,0,0,0,1,0,0,0,1,-0.034313694348132716,0,1,0
1,0,0,1,0,0,0,0,0,0,0,1,0,0,1,0,4.335332226633905,0,0,1
1,1,1,0,0,0,0,0,0,0,0,0,0,1,1,0,-0.49237782784290063,0,1,0
1,0,0,0,1,0,0,0,0,0,0,0,0,1,0,1,-0.18029017645086096,0,1,0
0,1,1,0,0,0,0,0,0,0,0,0,0,1,0,1,-0.6484216535389205,0,1,0
1,1,1,0,0,0,0,0,0,0,0,0,1,0,1,0,-0.3997582667846179,0,1,0
0,1,1,0,0,0,0,0,0,0,0,0,0,1,0,1,-0.4863374216869257,0,1,0
1,0,0,0,0,1,0,0,0,0,0,1,0,0,0,1,2.4029901895877646,1,0,0
1,1,1,0,0,0,0,0,0,0,0,1,0,0,1,0,1.5841789061771412,0,1,0
1,0,0,1,0,0,0,0,0,0,0,1,0,0,1,0,1.5442457810799908,1,0,0
0,0,0,1,0,0,0,0,0,0,0,0,1,0,0,1,-0.16518916106092355,0,1,0
1,1,1,0,0,0,0,0,0,0,0,1,0,0,1,0,0.49782998024351216,0,1,0
1,1,1,0,0,0,0,0,0,0,0,1,0,0,1,0,1.0259447039291216,0,1,0
1,0,0,0,0,0,1,0,0,0,0,1,0,0,1,0,4.634416897040849,0,1,0
0,0,0,0,1,0,0,0,0,0,0,0,1,0,1,0,-0.12491978668775715,0,1,0
0,1,1,0,0,0,0,0,0,0,0,0,0,1,0,1,-0.4894421904510968,0,1,0
0,0,0,0,1,0,0,0,0,0,0,0,1,0,0,1,-0.11988611489111134,0,0,1
1,1,1,0,0,0,0,0,0,0,0,0,0,1,1,0,-0.4902797934380587,0,1,0
1,0,0,1,0,0,0,0,0,0,0,0,1,0,1,0,-0.12491978668775715,0,1,0
0,1,1,0,0,0,0,0,0,0,0,0,1,0,0,1,-0.36653603292675563,0,0,1
1,0,0,0,1,0,0,0,0,0,0,1,0,0,1,0,2.671117778445337,0,1,0
1,0,0,0,1,0,0,0,0,0,0,1,0,0,1,0,2.059693773056521,0,0,1
0,1,1,0,0,0,0,0,0,0,0,0,0,1,0,1,-0.5024451714361923,0,1,0
0,1,1,0,0,0,0,0,0,0,0,0,0,1,0,1,-0.4894421904510968,0,1,0
1,1,1,0,0,0,0,0,0,0,0,0,1,0,1,0,-0.3997582667846179,0,1,0
1,0,0,0,1,0,0,0,0,0,0,0,1,0,1,0,-0.06451572512800753,0,1,0
0,0,0,0,0,0,0,0,0,0,1,0,0,1,0,1,0.7519458402879414,0,1,0
1,1,1,0,0,0,0,0,0,0,0,1,0,0,1,0,2.0825124140450755,0,0,1
0,1,1,0,0,0,0,0,0,0,0,0,0,1,0,1,-0.5228315422126077,0,0,1
1,1,1,0,0,0,0,0,0,0,0,0,1,0,1,0,-0.3866707201133388,0,0,1
1,0,0,0,1,0,0,0,0,0,0,0,0,1,1,0,-0.2351571990343002,0,1,0
1,0,0,1,0,0,0,0,0,0,0,1,0,0,1,0,0.5189714017894245,1,0,0
1,0,0,0,1,0,0,0,0,0,0,0,0,1,1,0,-0.18029017645086096,0,1,0
0,1,1,0,0,0,0,0,0,0,0,1,0,0,0,1,-0.07458306872129913,0,0,1
0,0,0,1,0,0,0,0,0,0,0,1,0,0,0,1,2.441497778832105,0,0,1
0,0,0,0,1,0,0,0,0,0,0,0,0,1,0,1,-0.2859972841804228,1,0,0
1,0,0,1,0,0,0,0,0,0,0,1,0,0,1,0,2.042579288947925,0,1,0
0,1,1,0,0,0,0,0,0,0,0,0,0,1,0,1,-0.4894421904510968,0,1,0
0,0,0,1,0,0,0,0,0,0,0,1,0,0,0,1,0.6925485130875209,0,1,0
1,1,1,0,0,0,0,0,0,0,0,1,0,0,1,0,2.059693773056521,0,0,1
1,1,1,0,0,0,0,0,0,0,0,0,0,1,0,1,-0.4863374216869257,0,0,1
0,1,1,0,0,0,0,0,0,0,0,1,0,0,0,1,0.06635974158478332,0,0,1
1,0,0,0,1,0,0,0,0,0,0,0,1,0,0,1,-0.12491978668775715,1,0,0
1,0,0,0,0,0,0,1,0,0,0,1,0,0,1,0,4.647001076532463,0,1,0
0,1,1,0,0,0,0,0,0,0,0,0,1,0,0,1,-0.3866707201133388,0,1,0
0,1,1,0,0,0,0,0,0,0,0,0,1,0,0,1,-0.3866707201133388,0,1,0
0,1,1,0,0,0,0,0,0,0,0,0,1,0,0,1,-0.3866707201133388,0,0,1
1,1,1,0,0,0,0,0,0,0,0,0,1,0,1,0,-0.3866707201133388,0,1,0
1,1,1,0,0,0,0,0,0,0,0,0,1,0,1,0,-0.3866707201133388,0,0,1
1,0,0,1,0,0,0,0,0,0,0,0,0,1,1,0,-0.32425318983493084,0,1,0
1,0,0,0,1,0,0,0,0,0,0,0,0,1,0,1,-0.32828012727224753,1,0,0
0,1,1,0,0,0,0,0,0,0,0,0,0,1,0,1,-0.47400492578514347,0,0,1
0,1,1,0,0,0,0,0,0,0,0,0,0,1,0,1,-0.4626791642426904,0,1,0
0,1,1,0,0,0,0,0,0,0,0,1,0,0,0,1,0.05629239799149171,0,1,0
0,0,0,0,1,0,0,0,0,0,0,0,0,1,0,1,-0.5028639729296732,1,0,0
0,0,0,1,0,0,0,0,0,0,0,0,0,1,0,1,-0.29002422161773944,0,1,0
0,1,1,0,0,0,0,0,0,0,0,0,0,1,0,1,-0.5029485386158568,0,1,0
0,1,1,0,0,0,0,0,0,0,0,0,0,1,0,1,-0.45714212526638004,0,1,0
1,0,0,1,0,0,0,0,0,0,0,1,0,0,1,0,0.4589861417231558,0,1,0
0,1,1,0,0,0,0,0,0,0,0,0,1,0,1,0,-0.3866707201133388,0,0,1
1,1,1,0,0,0,0,0,0,0,0,0,0,1,1,0,-0.48977642625839407,0,1,0
1,1,1,0,0,0,0,0,0,0,0,0,0,1,1,0,-0.48977642625839407,0,1,0
0,0,0,0,0,0,0,1,0,0,0,0,0,1,0,1,-0.08666388103324908,0,0,1
0,0,0,1,0,0,0,0,0,0,0,0,1,0,0,1,-0.09027201697708476,0,1,0
0,0,0,1,0,0,0,0,0,0,0,0,0,1,1,0,-0.3573908580066095,0,0,1
0,1,1,0,0,0,0,0,0,0,0,0,0,1,0,1,-0.5064721088735089,0,0,1
0,0,0,1,0,0,0,0,0,0,0,0,0,1,0,1,-0.3363340021468808,0,1,0
0,1,1,0,0,0,0,0,0,0,0,0,0,1,0,1,-0.5024451714361923,0,1,0
1,0,0,1,0,0,0,0,0,0,0,1,0,0,1,0,0.8667135572514657,0,0,1
1,1,1,0,0,0,0,0,0,0,0,0,0,1,1,0,-0.5028639729296732,0,1,0
1,1,1,0,0,0,0,0,0,0,0,0,0,1,1,0,-0.49237782784290063,0,1,0
1,1,1,0,0,0,0,0,0,0,0,1,0,0,1,0,0.7469121684912956,0,1,0
1,0,0,1,0,0,0,0,0,0,0,1,0,0,0,1,0.4678796330534696,0,1,0
0,0,0,1,0,0,0,0,0,0,0,0,0,1,0,1,-0.5176307525123133,0,1,0
0,1,1,0,0,0,0,0,0,0,0,0,0,1,0,1,-0.4863374216869257,0,1,0
0,1,1,0,0,0,0,0,0,0,0,1,0,0,0,1,2.0825124140450755,0,1,0
0,0,0,0,0,0,1,0,0,0,0,0,0,1,1,0,-0.22408312108167944,1,0,0
1,0,0,1,0,0,0,0,0,0,0,1,0,0,1,0,1.0060617003323709,0,1,0
1,1,1,0,0,0,0,0,0,0,0,0,0,1,1,0,-0.5024451714361923,0,1,0
0,0,0,0,1,0,0,0,0,0,0,1,0,0,0,1,3.610064686423428,0,1,0
0,1,1,0,0,0,0,0,0,0,0,0,0,1,0,1,-0.5676312212027554,0,1,0
0,1,1,0,0,0,0,0,0,0,0,0,0,1,0,1,-0.4918744606632361,0,1,0
1,1,1,0,0,0,0,0,0,0,0,1,0,0,1,0,3.9327230485884233,0,0,1
1,0,0,0,1,0,0,0,0,0,0,0,0,1,1,0,-0.33146744825388363,1,0,0
0,1,1,0,0,0,0,0,0,0,0,0,0,1,0,1,-0.4888542575852486,0,0,1
1,0,0,1,0,0,0,0,0,0,0,1,0,0,1,0,0.39858208016340624,0,0,1
0,1,1,0,0,0,0,0,0,0,0,0,0,1,0,1,-0.4894421904510968,0,1,0
0,1,1,0,0,0,0,0,0,0,0,0,1,0,0,1,0.8314778546749452,0,1,0
0,0,0,0,0,0,0,0,0,1,0,0,0,1,0,1,0.2958951755118318,1,0,0
1,1,1,0,0,0,0,0,0,0,0,0,1,0,1,0,-0.3866707201133388,0,0,1
0,1,1,0,0,0,0,0,0,0,0,0,0,1,0,1,-0.49279662933638163,0,1,0
1,1,1,0,0,0,0,0,0,0,0,0,1,0,1,0,-0.40680540729992204,1,0,0
1,0,0,0,0,1,0,0,0,0,0,1,0,0,0,1,1.7677408088510642,0,0,1
1,1,1,0,0,0,0,0,0,0,0,0,0,1,0,1,-0.49145565916975514,0,1,0
0,0,0,0,1,0,0,0,0,0,0,0,0,1,0,1,-0.4888542575852486,0,1,0
1,0,0,1,0,0,0,0,0,0,0,1,0,0,1,0,1.6323350375212924,0,1,0
1,0,0,0,1,0,0,0,0,0,0,0,0,1,1,0,-0.312172377522981,0,1,0
0,1,1,0,0,0,0,0,0,0,0,0,0,1,0,1,-0.49145565916975514,0,1,0
0,1,1,0,0,0,0,0,0,0,0,0,0,1,1,0,-0.4902797934380587,0,1,0
0,1,1,0,0,0,0,0,0,0,0,0,1,0,0,1,-0.12491978668775715,0,0,1
0,1,1,0,0,0,0,0,0,0,0,0,1,0,0,1,-0.43700743807979686,0,1,0
1,1,1,0,0,0,0,0,0,0,0,0,1,0,1,0,-0.393717860628643,0,1,0
1,1,1,0,0,0,0,0,0,0,0,0,0,1,0,1,-0.4888542575852486,0,0,1
0,1,1,0,0,0,0,0,0,0,0,0,0,1,0,1,-0.4863374216869257,0,1,0
0,0,0,1,0,0,0,0,0,0,0,0,0,1,1,0,-0.4505983519307405,0,1,0
0,0,0,1,0,0,0,0,0,0,0,0,0,1,0,1,-0.32928686163157667,0,1,0
0,1,1,0,0,0,0,0,0,0,0,0,0,1,1,0,-0.47400492578514347,0,1,0
0,0,0,1,0,0,0,0,0,0,0,0,1,0,0,1,-0.22559322262067316,0,0,1
0,1,1,0,0,0,0,0,0,0,0,0,0,1,0,1,-0.49237782784290063,0,0,1
1,0,0,0,1,0,0,0,0,0,0,0,1,0,0,1,-0.2708962687904854,1,0,0
0,1,1,0,0,0,0,0,0,0,0,0,0,1,0,1,-0.4918744606632361,0,1,0
0,0,0,0,0,0,1,0,0,0,0,0,0,1,1,0,-0.13565761536436197,0,1,0
0,1,1,0,0,0,0,0,0,0,0,0,0,1,0,1,-0.4894421904510968,0,1,0
0,1,1,0,0,0,0,0,0,0,0,0,0,1,0,1,-0.5103319284071769,0,1,0
1,0,0,1,0,0,0,0,0,0,0,1,0,0,1,0,1.163700193253568,0,0,1
0,1,1,0,0,0,0,0,0,0,0,0,1,0,0,1,-0.6484216535389205,0,1,0
1,1,1,0,0,0,0,0,0,0,0,0,0,1,0,1,-0.4888542575852486,0,0,1
0,1,1,0,0,0,0,0,0,0,0,0,0,1,1,0,-0.4863374216869257,0,1,0
1,0,0,0,1,0,0,0,0,0,0,0,1,0,1,0,0.005955680025033696,0,0,1
1,0,0,0,1,0,0,0,0,0,0,0,1,0,1,0,-0.3866707201133388,0,1,0
0,1,1,0,0,0,0,0,0,0,0,0,1,0,0,1,-0.3866707201133388,0,1,0
0,0,0,0,1,0,0,0,0,0,0,0,0,1,1,0,-0.1621689579829361,1,0,0
0,1,1,0,0,0,0,0,0,0,0,0,0,1,0,1,-0.4894421904510968,0,1,0
0,1,1,0,0,0,0,0,0,0,0,0,0,1,0,1,-0.49271407711891657,0,1,0
0,1,1,0,0,0,0,0,0,0,0,0,0,1,0,1,-0.4898609919445778,0,1,0
0,0,0,0,1,0,0,0,0,0,0,0,0,1,1,0,-0.35848215805212236,0,1,0
0,0,0,0,1,0,0,0,0,0,0,0,0,1,0,1,-0.2414492887801075,0,1,0
0,1,1,0,0,0,0,0,0,0,0,0,0,1,0,1,-0.5024451714361923,0,1,0
1,0,0,1,0,0,0,0,0,0,0,0,1,0,1,0,-0.12491978668775715,0,1,0
1,1,1,0,0,0,0,0,0,0,0,0,1,0,1,0,-0.12491978668775715,0,1,0
0,1,1,0,0,0,0,0,0,0,0,0,0,1,0,1,-0.49237782784290063,0,1,0
1,1,1,0,0,0,0,0,0,0,0,0,0,1,0,1,-0.4863374216869257,0,0,1
1,1,1,0,0,0,0,0,0,0,0,1,0,0,0,1,-0.11384570873513637,0,1,0
1,0,0,1,0,0,0,0,0,0,0,0,0,1,1,0,-0.32425318983493084,0,1,0
1,0,0,1,0,0,0,0,0,0,0,0,1,0,1,0,-0.12491978668775715,0,0,1
0,1,1,0,0,0,0,0,0,0,0,0,0,1,0,1,-0.5049620073345151,1,0,0
0,0,0,1,0,0,0,0,0,0,0,1,0,0,0,1,0.4771073601910807,0,0,1
1,0,0,0,0,1,0,0,0,0,0,1,0,0,1,0,1.7677408088510642,1,0,0
0,0,0,0,0,0,1,0,0,0,0,0,0,1,1,0,0.04370821849987721,0,1,0
1,0,0,0,0,0,0,1,0,0,0,0,1,0,1,0,-0.2708962687904854,0,1,0
0,0,0,0,0,0,0,1,0,0,0,1,0,0,0,1,4.647001076532463,0,0,1
0,1,1,0,0,0,0,0,0,0,0,0,1,0,0,1,-0.43700743807979686,0,1,0
1,0,0,0,1,0,0,0,0,0,0,0,1,0,1,0,-0.11988611489111134,0,0,1
0,1,1,0,0,0,0,0,0,0,0,0,0,1,0,1,-0.45714212526638004,0,1,0
0,0,0,1,0,0,0,0,0,0,0,0,0,1,0,1,-0.4918744606632361,0,1,0
1,1,1,0,0,0,0,0,0,0,0,0,1,0,1,0,-0.3866707201133388,0,1,0
1,1,1,0,0,0,0,0,0,0,0,0,0,1,0,1,-0.48507900373776425,0,1,0
1,0,0,0,1,0,0,0,0,0,0,1,0,0,0,1,0.9997696105865636,1,0,0
1,0,0,1,0,0,0,0,0,0,0,0,1,0,1,0,-0.255795253400548,1,0,0
1,1,1,0,0,0,0,0,0,0,0,1,0,0,0,1,-0.11384570873513637,0,0,1
1,0,0,0,0,1,0,0,0,0,0,0,0,1,1,0,-0.26066180729354516,1,0,0
1,1,1,0,0,0,0,0,0,0,0,1,0,0,0,1,-0.034313694348132716,0,0,1
0,0,0,0,0,1,0,0,0,0,0,0,1,0,0,1,-0.08968408411123653,0,0,1
0,0,0,1,0,0,0,0,0,0,0,0,0,1,0,1,-0.2463983948905696,0,1,0
0,1,1,0,0,0,0,0,0,0,0,1,0,0,0,1,-0.08968408411123653,0,1,0
1,0,0,1,0,0,0,0,0,0,0,1,0,0,0,1,1.145663540471827,0,0,1
0,1,1,0,0,0,0,0,0,0,0,0,0,1,0,1,-0.4863374216869257,0,1,0
1,1,1,0,0,0,0,0,0,0,0,0,0,1,0,1,-0.4894421904510968,0,1,0
0,1,1,0,0,0,0,0,0,0,0,1,0,0,0,1,-0.11384570873513637,0,0,1
1,0,0,1,0,0,0,0,0,0,0,1,0,0,1,0,0.395813560675251,0,1,0
1,1,1,0,0,0,0,0,0,0,0,0,1,0,1,0,-0.43700743807979686,0,0,1
0,1,1,0,0,0,0,0,0,0,0,0,0,1,0,1,-0.49237782784290063,0,1,0
1,1,1,0,0,0,0,0,0,0,0,1,0,0,0,1,-0.11384570873513637,0,0,1
0,1,1,0,0,0,0,0,0,0,0,0,0,1,0,1,-0.4863374216869257,0,0,1
0,1,1,0,0,0,0,0,0,0,0,1,0,0,0,1,0.12676380314453292,0,0,1
0,1,1,0,0,0,0,0,0,0,0,0,1,0,0,1,-0.3866707201133388,0,0,1
0,1,1,0,0,0,0,0,0,0,0,0,0,1,0,1,-0.4863374216869257,0,1,0
0,1,1,0,0,0,0,0,0,0,0,0,0,1,0,1,-0.5064721088735089,0,0,1
0,1,1,0,0,0,0,0,0,0,0,0,1,0,0,1,-0.6484216535389205,0,1,0
0,1,1,0,0,0,0,0,0,0,0,1,0,0,0,1,-0.11384570873513637,0,0,1
0,1,1,0,0,0,0,0,0,0,0,0,0,1,0,1,-0.4928811950225652,0,1,0
1,0,0,0,0,1,0,0,0,0,0,0,0,1,1,0,-0.26066180729354516,1,0,0
0,1,1,0,0,0,0,0,0,0,0,0,0,1,0,1,-0.5024451714361923,0,1,0
0,1,1,0,0,0,0,0,0,0,0,0,0,1,0,1,-0.47400492578514347,0,0,1
1,0,0,0,0,1,0,0,0,0,0,0,1,0,1,0,-0.08968408411123653,0,0,1
1,1,1,0,0,0,0,0,0,0,0,0,1,0,1,0,-0.3707300882677209,0,1,0
0,1,1,0,0,0,0,0,0,0,0,0,0,1,1,0,-0.45034666834090825,0,1,0
0,1,1,0,0,0,0,0,0,0,0,1,0,0,0,1,0.39858208016340624,0,1,0
0,0,0,1,0,0,0,0,0,0,0,0,1,0,0,1,-0.22559322262067316,0,0,1
0,0,0,1,0,0,0,0,0,0,0,0,0,1,0,1,-0.5065566745596926,0,1,0
0,1,1,0,0,0,0,0,0,0,0,0,0,1,0,1,-0.4969926981460655,0,1,0
1,0,0,1,0,0,0,0,0,0,0,0,0,1,1,0,-0.4010166847337793,1,0,0
0,0,0,0,0,0,0,0,0,1,0,0,0,1,0,1,0.2958951755118318,1,0,0
0,1,1,0,0,0,0,0,0,0,0,0,1,0,0,1,-0.6484216535389205,0,1,0
0,1,1,0,0,0,0,0,0,0,0,0,0,1,0,1,-0.4863374216869257,0,0,1
1,1,1,0,0,0,0,0,0,0,0,0,0,1,1,0,-0.455380340137554,0,0,1
1,0,0,1,0,0,0,0,0,0,0,1,0,0,0,1,1.1854295476653287,0,1,0
0,0,0,0,0,0,1,0,0,0,0,0,0,1,1,0,-0.13565761536436197,0,1,0
1,0,0,1,0,0,0,0,0,0,0,1,0,0,1,0,1.163700193253568,0,0,1
0,1,1,0,0,0,0,0,0,0,0,1,0,0,0,1,-0.05042144409739929,0,0,1
0,1,1,0,0,0,0,0,0,0,0,0,0,1,0,1,-0.4863374216869257,0,1,0
1,0,0,0,1,0,0,0,0,0,0,0,0,1,0,1,-0.32828012727224753,1,0,0
0,0,0,1,0,0,0,0,0,0,0,0,0,1,0,1,-0.2463983948905696,0,1,0
0,1,1,0,0,0,0,0,0,0,0,0,0,1,0,1,-0.5024451714361923,0,1,0
0,1,1,0,0,0,0,0,0,0,0,1,0,0,0,1,-0.034313694348132716,0,0,1
0,1,1,0,0,0,0,0,0,0,0,1,0,0,0,1,0.3483299278831318,0,0,1
0,1,1,0,0,0,0,0,0,0,0,0,0,1,0,1,-0.4863374216869257,0,1,0
0,1,1,0,0,0,0,0,0,0,0,0,0,1,0,1,-0.3573083057891445,0,1,0
1,0,0,1,0,0,0,0,0,0,0,1,0,0,1,0,0.9274538680872313,0,0,1
0,1,1,0,0,0,0,0,0,0,0,0,0,1,0,1,-0.3443878770215141,0,1,0
0,0,0,0,0,1,0,0,0,0,0,1,0,0,1,0,2.4029901895877646,0,1,0
0,1,1,0,0,0,0,0,0,0,0,0,0,1,0,1,-0.49145565916975514,0,1,0
0,1,1,0,0,0,0,0,0,0,0,0,0,1,0,1,-0.47400492578514347,1,0,0
0,1,1,0,0,0,0,0,0,0,0,0,0,1,1,0,-0.49237782784290063,0,1,0
0,1,1,0,0,0,0,0,0,0,0,0,0,1,1,0,-0.4948100980550399,0,1,0
0,1,1,0,0,0,0,0,0,0,0,0,0,1,1,0,-0.455380340137554,0,0,1
1,1,1,0,0,0,0,0,0,0,0,1,0,0,1,0,1.093228788100527,1,0,0
0,0,0,1,0,0,0,0,0,0,0,1,0,0,0,1,1.5442457810799908,0,1,0
1,0,0,0,1,0,0,0,0,0,0,0,1,0,1,0,-0.12491978668775715,0,0,1
1,1,1,0,0,0,0,0,0,0,0,1,0,0,0,1,-0.11384570873513637,0,1,0
0,1,1,0,0,0,0,0,0,0,0,0,0,1,0,1,-0.1948878246611338,0,1,0
1,1,1,0,0,0,0,0,0,0,0,0,0,1,0,1,0.48910360681684706,0,1,0
1,1,1,0,0,0,0,0,0,0,0,0,0,1,0,1,-0.49237782784290063,0,1,0
0,1,1,0,0,0,0,0,0,0,0,0,0,1,0,1,-0.4863374216869257,0,1,0
1,1,1,0,0,0,0,0,0,0,0,1,0,0,0,1,-0.11913106412161445,0,0,1
1,0,0,1,0,0,0,0,0,0,0,1,0,0,1,0,0.5475787653441219,0,0,1
0,1,1,0,0,0,0,0,0,0,0,0,0,1,0,1,-0.4974960653257301,0,1,0
0,1,1,0,0,0,0,0,0,0,0,1,0,0,0,1,0.036576512298389464,0,0,1
1,1,1,0,0,0,0,0,0,0,0,0,1,0,1,0,-0.43700743807979686,0,0,1
0,1,1,0,0,0,0,0,0,0,0,0,0,1,0,1,-0.1621689579829361,0,1,0
1,0,0,1,0,0,0,0,0,0,0,0,1,0,1,0,-0.12491978668775715,0,0,1
0,1,1,0,0,0,0,0,0,0,0,0,0,1,0,1,-0.4894421904510968,0,0,1
1,1,1,0,0,0,0,0,0,0,0,1,0,0,1,0,1.2341715984066093,0,1,0
0,1,1,0,0,0,0,0,0,0,0,0,0,1,0,1,-0.4894421904510968,0,1,0
0,1,1,0,0,0,0,0,0,0,0,0,0,1,0,1,-0.5029485386158568,0,1,0
1,0,0,1,0,0,0,0,0,0,0,1,0,0,1,0,0.5189714017894245,0,0,1
0,1,1,0,0,0,0,0,0,0,0,0,0,1,0,1,-0.5028639729296732,0,1,0
0,1,1,0,0,0,0,0,0,0,0,0,0,1,0,1,-0.49237782784290063,0,0,1
1,1,1,0,0,0,0,0,0,0,0,0,1,0,1,0,-0.43700743807979686,0,0,1
0,1,1,0,0,0,0,0,0,0,0,1,0,0,0,1,3.817033162951754,0,1,0
0,1,1,0,0,0,0,0,0,0,0,0,0,1,0,1,-0.4888542575852486,0,0,1
0,0,0,0,0,1,0,0,0,0,0,0,1,0,0,1,-0.41687275089321363,0,1,0
1,0,0,0,1,0,0,0,0,0,0,0,1,0,1,0,-0.12491978668775715,1,0,0
0,1,1,0,0,0,0,0,0,0,0,0,0,1,0,1,-0.5028639729296732,0,1,0
0,0,0,0,1,0,0,0,0,0,0,0,0,1,0,1,-0.5028639729296732,1,0,0
1,0,0,0,1,0,0,0,0,0,0,0,0,1,1,0,-0.19824427701513722,0,1,0
0,1,1,0,0,0,0,0,0,0,0,0,0,1,1,0,-0.47400492578514347,0,1,0
1,0,0,0,1,0,0,0,0,0,0,0,1,0,1,0,-0.11988611489111134,1,0,0
0,1,1,0,0,0,0,0,0,0,0,1,0,0,0,1,-0.11384570873513637,0,0,1
1,1,1,0,0,0,0,0,0,0,0,1,0,0,1,0,1.4944124302931971,0,1,0
0,1,1,0,0,0,0,0,0,0,0,0,0,1,0,1,-0.35646868933346404,0,1,0
1,0,0,0,1,0,0,0,0,0,0,1,0,0,1,0,0.3482453621969482,0,1,0
1,0,0,0,1,0,0,0,0,0,0,1,0,0,1,0,0.7811411367084872,0,0,1
0,0,0,0,0,0,0,0,1,0,0,0,0,1,1,0,-0.01870931177853076,1,0,0
0,0,0,0,0,0,0,0,1,0,0,0,0,1,1,0,-0.01870931177853076,1,0,0
1,0,0,1,0,0,0,0,0,0,0,0,1,0,0,1,-0.12491978668775715,0,0,1
0,0,0,1,0,0,0,0,0,0,0,1,0,0,0,1,1.4944124302931971,0,0,1
0,1,1,0,0,0,0,0,0,0,0,1,0,0,0,1,-0.12491978668775715,0,0,1
1,0,0,1,0,0,0,0,0,0,0,0,1,0,1,0,-0.12491978668775715,0,1,0
1,1,1,0,0,0,0,0,0,0,0,0,1,0,0,1,-0.3693045524149108,0,1,0
0,0,0,0,1,0,0,0,0,0,0,0,0,1,0,1,-0.2351571990343002,0,0,1
1,0,0,0,1,0,0,0,0,0,0,0,1,0,0,1,0.09152810056801232,1,0,0
1,0,0,0,1,0,0,0,0,0,0,1,0,0,0,1,1.5841789061771412,1,0,0
0,1,1,0,0,0,0,0,0,0,0,0,1,0,0,1,-0.12491978668775715,0,1,0
0,1,1,0,0,0,0,0,0,0,0,0,0,1,0,1,-0.49078316061772326,0,1,0
1,1,1,0,0,0,0,0,0,0,0,0,0,1,0,1,-0.5029485386158568,0,1,0
1,1,1,0,0,0,0,0,0,0,0,0,0,1,1,0,-0.4918744606632361,0,1,0
0,1,1,0,0,0,0,0,0,0,0,1,0,0,0,1,-0.11384570873513637,0,0,1
1,0,0,1,0,0,0,0,0,0,0,1,0,0,1,0,0.1489119590497745,0,0,1
0,1,1,0,0,0,0,0,0,0,0,1,0,0,0,1,3.9327230485884233,0,1,0
1,0,0,0,1,0,0,0,0,0,0,1,0,0,1,0,0.955306180872432,0,0,1
1,0,0,1,0,0,0,0,0,0,0,0,0,1,1,0,-0.29807809649237277,0,0,1
0,1,1,0,0,0,0,0,0,0,0,0,0,1,0,1,-0.49237782784290063,0,1,0
0,1,1,0,0,0,0,0,0,0,0,0,0,1,0,1,-0.4894421904510968,0,0,1
0,1,1,0,0,0,0,0,0,0,0,0,1,0,0,1,-0.3766033765200472,0,1,0
0,1,1,0,0,0,0,0,0,0,0,0,0,1,0,1,-0.4863374216869257,0,1,0
0,1,1,0,0,0,0,0,0,0,0,0,0,1,1,0,-0.4863374216869257,0,1,0
0,0,0,0,1,0,0,0,0,0,0,0,0,1,0,1,-0.1621689579829361,0,1,0
0,1,1,0,0,0,0,0,0,0,0,0,0,1,0,1,-0.4894421904510968,0,1,0
0,0,0,0,0,0,1,0,0,0,0,0,0,1,1,0,-0.22408312108167944,0,1,0
0,1,1,0,0,0,0,0,0,0,0,0,0,1,0,1,-0.5028639729296732,0,1,0
1,1,1,0,0,0,0,0,0,0,0,0,0,1,0,1,-0.4902797934380587,0,0,1
1,1,1,0,0,0,0,0,0,0,0,0,1,0,0,1,-0.43700743807979686,0,0,1
1,0,0,0,1,0,0,0,0,0,0,1,0,0,1,0,0.38809593507663365,0,0,1
1,1,1,0,0,0,0,0,0,0,0,1,0,0,0,1,-0.11711759540295616,0,0,1
1,1,1,0,0,0,0,0,0,0,0,0,0,1,1,0,-0.49237782784290063,0,1,0
0,1,1,0,0,0,0,0,0,0,0,0,0,1,0,1,-0.4863374216869257,1,0,0
0,1,1,0,0,0,0,0,0,0,0,0,0,1,0,1,-0.35646868933346404,0,1,0
1,1,1,0,0,0,0,0,0,0,0,0,1,0,1,0,-0.3866707201133388,0,0,1
1,0,0,1,0,0,0,0,0,0,0,1,0,0,1,0,0.4771073601910807,0,0,1
0,0,0,1,0,0,0,0,0,0,0,0,0,1,1,0,-0.3573083057891445,0,1,0
1,1,1,0,0,0,0,0,0,0,0,0,0,1,0,1,-0.4888542575852486,0,0,1
1,0,0,0,1,0,0,0,0,0,0,0,1,0,1,0,-0.04438103794142432,0,1,0
1,0,0,0,1,0,0,0,0,0,0,1,0,0,1,0,1.5841789061771412,0,0,1
0,1,1,0,0,0,0,0,0,0,0,0,1,0,0,1,-0.12491978668775715,0,0,1
0,1,1,0,0,0,0,0,0,0,0,1,0,0,0,1,0.15948266982273065,0,0,1
0,1,1,0,0,0,0,0,0,0,0,0,0,1,0,1,-0.47299819142581434,0,1,0
1,0,0,0,1,0,0,0,0,0,0,1,0,0,1,0,0.955306180872432,0,1,0
0,1,1,0,0,0,0,0,0,0,0,0,1,0,0,1,-0.3464013457401724,0,0,1
1,0,0,0,1,0,0,0,0,0,0,1,0,0,0,1,0.9462455716384695,0,0,1
0,1,1,0,0,0,0,0,0,0,0,0,0,1,0,1,-0.4863374216869257,0,1,0
0,1,1,0,0,0,0,0,0,0,0,0,0,1,0,1,-0.4863374216869257,0,1,0
0,1,1,0,0,0,0,0,0,0,0,0,0,1,0,1,-0.5049620073345151,0,0,1
1,0,0,1,0,0,0,0,0,0,0,1,0,0,1,0,0.9274538680872313,0,0,1
0,1,1,0,0,0,0,0,0,0,0,0,0,1,0,1,-0.5024451714361923,0,0,1
0,0,0,0,1,0,0,0,0,0,0,0,0,1,1,0,-0.49237782784290063,0,1,0
0,0,0,1,0,0,0,0,0,0,0,0,1,0,0,1,-0.12491978668775715,0,0,1
0,0,0,0,1,0,0,0,0,0,0,0,0,1,0,1,-0.1621689579829361,0,0,1
1,1,1,0,0,0,0,0,0,0,0,0,1,0,1,0,0.016023023618325298,0,1,0
0,1,1,0,0,0,0,0,0,0,0,0,0,1,0,1,-0.6484216535389205,0,0,1
0,1,1,0,0,0,0,0,0,0,0,0,0,1,0,1,-0.5029485386158568,0,1,0
1,0,0,1,0,0,0,0,0,0,0,1,0,0,0,1,0.49782998024351216,0,0,1
1,0,0,0,0,1,0,0,0,0,0,0,1,0,1,0,-0.10478509950117394,0,1,0
0,1,1,0,0,0,0,0,0,0,0,0,0,1,0,1,-0.4894421904510968,0,1,0
0,1,1,0,0,0,0,0,0,0,0,1,0,0,0,1,0.2052890831722074,0,1,0
0,1,1,0,0,0,0,0,0,0,0,0,0,1,0,1,-0.4863374216869257,0,0,1
1,1,1,0,0,0,0,0,0,0,0,1,0,0,0,1,-0.11384570873513637,0,0,1
0,0,0,1,0,0,0,0,0,0,0,0,0,1,0,1,-0.3353272677875516,0,0,1
0,1,1,0,0,0,0,0,0,0,0,0,0,1,0,1,-0.4894421904510968,0,1,0
1,1,1,0,0,0,0,0,0,0,0,1,0,0,0,1,-0.034313694348132716,0,1,0
1,0,0,0,0,1,0,0,0,0,0,0,1,0,1,0,0.18876253192945994,0,1,0
1,1,1,0,0,0,0,0,0,0,0,1,0,0,1,0,2.441497778832105,0,0,1
0,0,0,0,0,0,0,0,1,0,0,0,0,1,1,0,-0.01870931177853076,0,0,1
0,1,1,0,0,0,0,0,0,0,0,0,0,1,0,1,-0.5064721088735089,0,1,0
1,0,0,1,0,0,0,0,0,0,0,0,0,1,1,0,-0.3363340021468808,0,1,0
0,1,1,0,0,0,0,0,0,0,0,0,0,1,0,1,-0.49237782784290063,0,1,0
0,1,1,0,0,0,0,0,0,0,0,0,0,1,0,1,-0.4863374216869257,0,0,1
1,0,0,0,0,1,0,0,0,0,0,0,1,0,1,0,0.6603330135889879,0,1,0
0,0,0,0,1,0,0,0,0,0,0,0,0,1,0,1,-0.35848215805212236,0,0,1
0,0,0,1,0,0,0,0,0,0,0,0,0,1,1,0,-0.32425318983493084,0,1,0
1,0,0,0,0,1,0,0,0,0,0,0,1,0,1,0,0.13683114673782454,1,0,0
0,1,1,0,0,0,0,0,0,0,0,0,1,0,0,1,-0.43700743807979686,0,1,0
0,0,0,1,0,0,0,0,0,0,0,0,0,1,0,1,-0.3573908580066095,0,1,0
1,0,0,1,0,0,0,0,0,0,0,1,0,0,0,1,0.40974072380221066,0,0,1
1,0,0,0,1,0,0,0,0,0,0,0,0,1,0,1,-0.33146744825388363,0,1,0
0,1,1,0,0,0,0,0,0,0,0,0,0,1,0,1,-0.4902797934380587,0,1,0
0,1,1,0,0,0,0,0,0,0,0,0,0,1,0,1,-0.32425318983493084,0,1,0
0,1,1,0,0,0,0,0,0,0,0,1,0,0,0,1,0.002347544081197954,0,0,1
0,1,1,0,0,0,0,0,0,0,0,0,1,0,0,1,-0.3997582667846179,0,0,1
1,1,1,0,0,0,0,0,0,0,0,1,0,0,1,0,0.921244330558889,0,1,0
0,1,1,0,0,0,0,0,0,0,0,0,0,1,0,1,-0.4894421904510968,0,1,0
0,1,1,0,0,0,0,0,0,0,0,0,0,1,0,1,-0.49271407711891657,0,1,0
1,1,1,0,0,0,0,0,0,0,0,1,0,0,0,1,-0.04438103794142432,0,0,1
0,1,1,0,0,0,0,0,0,0,0,0,0,1,0,1,-0.5063875431873253,0,0,1
1,1,1,0,0,0,0,0,0,0,0,1,0,0,0,1,-0.034313694348132716,0,0,1
0,1,1,0,0,0,0,0,0,0,0,1,0,0,0,1,-0.6484216535389205,0,1,0
0,0,0,0,0,0,0,1,0,0,0,0,0,1,1,0,-0.08666388103324908,1,0,0
1,1,1,0,0,0,0,0,0,0,0,0,1,0,1,0,-0.3866707201133388,0,1,0
0,1,1,0,0,0,0,0,0,0,0,0,0,1,0,1,-0.4888542575852486,0,0,1
0,0,0,0,1,0,0,0,0,0,0,0,1,0,0,1,-0.11988611489111134,0,1,0
0,0,0,0,0,0,0,1,0,0,0,0,0,1,1,0,0.1506737441786005,0,0,1
0,0,0,1,0,0,0,0,0,0,0,0,0,1,0,1,-0.32425318983493084,0,1,0
0,1,1,0,0,0,0,0,0,0,0,0,0,1,0,1,-0.4902797934380587,0,1,0
1,1,1,0,0,0,0,0,0,0,0,1,0,0,1,0,0.7469121684912956,0,1,0
0,0,0,0,0,0,0,1,0,0,0,0,0,1,1,0,-0.08666388103324908,1,0,0
1,1,1,0,0,0,0,0,0,0,0,0,0,1,0,1,0.48910360681684706,0,1,0
1,0,0,0,0,1,0,0,0,0,0,0,0,1,1,0,-0.26066180729354516,1,0,0
1,0,0,1,0,0,0,0,0,0,0,1,0,0,0,1,0.8964967865378598,0,0,1
0,1,1,0,0,0,0,0,0,0,0,0,0,1,0,1,-0.4894421904510968,0,1,0
1,1,1,0,0,0,0,0,0,0,0,1,0,0,0,1,0.06635974158478332,0,0,1
0,1,1,0,0,0,0,0,0,0,0,0,0,1,0,1,-0.49640476528021726,0,1,0
1,1,1,0,0,0,0,0,0,0,0,0,0,1,1,0,-0.49640476528021726,0,1,0
0,1,1,0,0,0,0,0,0,0,0,0,0,1,0,1,-0.4894421904510968,0,1,0
1,0,0,1,0,0,0,0,0,0,0,0,1,0,1,0,-0.18532384824750675,0,1,0
0,1,1,0,0,0,0,0,0,0,0,0,0,1,0,1,-0.47861979608830835,0,1,0
1,1,1,0,0,0,0,0,0,0,0,0,0,1,1,0,-0.49078316061772326,0,1,0
0,1,1,0,0,0,0,0,0,0,0,0,0,1,1,0,-0.5125125150294839,0,1,0
0,0,0,0,1,0,0,0,0,0,0,0,1,0,0,1,0.8314778546749452,0,1,0
0,1,1,0,0,0,0,0,0,0,0,0,0,1,0,1,-0.4894421904510968,0,1,0
0,0,0,0,1,0,0,0,0,0,0,0,0,1,1,0,-0.3363340021468808,0,0,1
0,1,1,0,0,0,0,0,0,0,0,0,1,0,0,1,-0.3866707201133388,0,1,0
0,0,0,0,1,0,0,0,0,0,0,1,0,0,0,1,1.6323350375212924,0,0,1
1,0,0,0,1,0,0,0,0,0,0,1,0,0,0,1,2.042579288947925,0,0,1
0,1,1,0,0,0,0,0,0,0,0,0,0,1,0,1,-0.5029485386158568,0,0,1
0,1,1,0,0,0,0,0,0,0,0,1,0,0,0,1,-0.13322534515222276,0,0,1
0,1,1,0,0,0,0,0,0,0,0,0,0,1,0,1,-0.4974960653257301,0,0,1
1,0,0,1,0,0,0,0,0,0,0,0,0,1,0,1,-0.4888542575852486,0,1,0
0,0,0,0,1,0,0,0,0,0,0,0,1,0,0,1,0.8314778546749452,0,0,1
0,1,1,0,0,0,0,0,0,0,0,0,1,0,0,1,-0.3866707201133388,0,1,0
0,1,1,0,0,0,0,0,0,0,0,0,0,1,0,1,-0.4918744606632361,0,1,0
0,1,1,0,0,0,0,0,0,0,0,0,0,1,0,1,-0.4863374216869257,0,0,1
1,0,0,1,0,0,0,0,0,0,0,1,0,0,1,0,0.39858208016340624,0,1,0
1,0,0,0,1,0,0,0,0,0,0,0,1,0,1,0,0.13683114673782454,0,0,1
0,0,0,1,0,0,0,0,0,0,0,1,0,0,0,1,0.39858208016340624,0,1,0
0,1,1,0,0,0,0,0,0,0,0,0,1,0,0,1,-0.43700743807979686,0,0,1
1,1,1,0,0,0,0,0,0,0,0,0,1,0,0,1,-0.3866707201133388,0,1,0
0,1,1,0,0,0,0,0,0,0,0,0,1,0,0,1,-0.6484216535389205,0,1,0
0,1,1,0,0,0,0,0,0,0,0,0,0,1,0,1,-0.4918744606632361,0,1,0
0,1,1,0,0,0,0,0,0,0,0,0,0,1,0,1,-0.4863374216869257,0,1,0
1,1,1,0,0,0,0,0,0,0,0,0,0,1,1,0,-0.45026210265472455,0,1,0
0,0,0,0,0,0,0,0,0,1,0,0,0,1,1,0,0.2958951755118318,0,0,1
1,0,0,1,0,0,0,0,0,0,0,1,0,0,0,1,9.667166525013505,0,0,1
0,1,1,0,0,0,0,0,0,0,0,0,0,1,1,0,-0.48457563655809965,0,1,0
1,1,1,0,0,0,0,0,0,0,0,1,0,0,0,1,0.8964967865378598,0,1,0
0,1,1,0,0,0,0,0,0,0,0,0,0,1,0,1,-0.4626791642426904,0,1,0
0,0,0,0,0,0,0,0,0,1,0,0,0,1,0,1,0.2958951755118318,1,0,0
0,0,0,0,1,0,0,0,0,0,0,0,1,0,0,1,0.13683114673782454,0,0,1
0,0,0,0,0,1,0,0,0,0,0,0,1,0,0,1,0.18876253192945994,0,1,0
0,0,0,0,0,0,0,1,0,0,0,0,0,1,0,1,0.1506737441786005,1,0,0
0,1,1,0,0,0,0,0,0,0,0,0,0,1,0,1,-0.44363577710162005,0,1,0
0,1,1,0,0,0,0,0,0,0,0,0,0,1,0,1,-0.49145565916975514,0,1,0
1,0,0,1,0,0,0,0,0,0,0,1,0,0,1,0,3.6067927997556075,1,0,0
1,0,0,1,0,0,0,0,0,0,0,1,0,0,0,1,0.49925551609632224,0,1,0
1,0,0,1,0,0,0,0,0,0,0,0,0,1,1,0,-0.37828059596268965,1,0,0
1,1,1,0,0,0,0,0,0,0,0,0,0,1,0,1,0.48910360681684706,0,1,0
0,1,1,0,0,0,0,0,0,0,0,0,0,1,0,1,-0.5029485386158568,0,1,0
0,1,1,0,0,0,0,0,0,0,0,1,0,0,0,1,-0.11384570873513637,0,0,1
0,1,1,0,0,0,0,0,0,0,0,0,1,0,0,1,-0.3766033765200472,0,0,1
0,1,1,0,0,0,0,0,0,0,0,0,0,1,0,1,-0.4863374216869257,0,0,1
1,1,1,0,0,0,0,0,0,0,0,0,0,1,1,0,-0.49271407711891657,0,1,0
0,0,0,0,1,0,0,0,0,0,0,1,0,0,0,1,1.5841789061771412,0,0,1
0,1,1,0,0,0,0,0,0,0,0,0,0,1,0,1,-0.494391296561559,0,0,1
1,0,0,1,0,0,0,0,0,0,0,1,0,0,1,0,3.9327230485884233,0,1,0
1,1,1,0,0,0,0,0,0,0,0,1,0,0,0,1,-0.11913106412161445,0,0,1
0,0,0,1,0,0,0,0,0,0,0,0,0,1,1,0,-0.3573908580066095,0,1,0
0,1,1,0,0,0,0,0,0,0,0,0,0,1,0,1,-0.4925449457465493,0,1,0
0,0,0,1,0,0,0,0,0,0,0,0,0,1,0,1,-0.4902797934380587,0,1,0
0,1,1,0,0,0,0,0,0,0,0,0,1,0,0,1,-0.12491978668775715,0,0,1
1,1,1,0,0,0,0,0,0,0,0,0,1,0,1,0,-0.3766033765200472,0,0,1
1,1,1,0,0,0,0,0,0,0,0,1,0,0,0,1,-0.11913106412161445,0,0,1
1,1,1,0,0,0,0,0,0,0,0,1,0,0,1,0,2.4029901895877646,0,1,0
1,0,0,0,1,0,0,0,0,0,0,0,0,1,0,1,-0.3414522396297103,0,1,0
1,1,1,0,0,0,0,0,0,0,0,1,0,0,1,0,0.3483299278831318,0,1,0
0,1,1,0,0,0,0,0,0,0,0,1,0,0,0,1,-0.11384570873513637,0,1,0
1,0,0,1,0,0,0,0,0,0,0,1,0,0,0,1,0.39858208016340624,0,0,1
0,1,1,0,0,0,0,0,0,0,0,0,0,1,0,1,-0.457478374542396,0,1,0
0,1,1,0,0,0,0,0,0,0,0,0,1,0,0,1,-0.3866707201133388,0,0,1
0,1,1,0,0,0,0,0,0,0,0,0,0,1,0,1,-0.494391296561559,0,1,0
1,1,1,0,0,0,0,0,0,0,0,1,0,0,1,0,3.9327230485884233,0,0,1
1,1,1,0,0,0,0,0,0,0,0,0,1,0,1,0,-0.43700743807979686,0,1,0
0,1,1,0,0,0,0,0,0,0,0,0,0,1,0,1,-0.3363340021468808,0,1,0
0,1,1,0,0,0,0,0,0,0,0,0,0,1,0,1,-0.4918744606632361,0,0,1
1,0,0,1,0,0,0,0,0,0,0,0,1,0,1,0,0.016023023618325298,1,0,0
0,0,0,1,0,0,0,0,0,0,0,0,0,1,0,1,-0.5063875431873253,1,0,0
0,1,1,0,0,0,0,0,0,0,0,0,1,0,0,1,-0.3866707201133388,0,0,1
0,1,1,0,0,0,0,0,0,0,0,0,1,0,0,1,-0.3866707201133388,0,0,1
1,0,0,1,0,0,0,0,0,0,0,1,0,0,0,1,0.4207302360686478,0,1,0
0,1,1,0,0,0,0,0,0,0,0,0,0,1,0,1,-0.47400492578514347,0,1,0
1,0,0,0,0,1,0,0,0,0,0,0,1,0,1,0,-0.22559322262067316,0,1,0
1,1,1,0,0,0,0,0,0,0,0,0,0,1,1,0,-0.4926295114327329,0,1,0
0,0,0,1,0,0,0,0,0,0,0,0,1,0,0,1,-0.12491978668775715,0,1,0
0,0,0,1,0,0,0,0,0,0,0,0,0,1,1,0,-0.4888542575852486,0,1,0
1,1,1,0,0,0,0,0,0,0,0,1,0,0,1,0,3.6067927997556075,0,1,0
0,1,1,0,0,0,0,0,0,0,0,0,0,1,0,1,-0.2701412180209885,1,0,0
0,1,1,0,0,0,0,0,0,0,0,0,1,0,0,1,-0.6484216535389205,0,1,0
0,1,1,0,0,0,0,0,0,0,0,0,1,0,0,1,-0.3866707201133388,0,1,0
0,1,1,0,0,0,0,0,0,0,0,0,1,0,0,1,-0.3866707201133388,0,1,0
0,1,1,0,0,0,0,0,0,0,0,0,0,1,0,1,-0.32425318983493084,0,1,0
0,0,0,0,0,0,1,0,0,0,0,0,0,1,1,0,0.04370821849987721,0,0,1
1,1,1,0,0,0,0,0,0,0,0,1,0,0,0,1,9.667166525013505,0,0,1
0,1,1,0,0,0,0,0,0,0,0,0,0,1,0,1,-0.4894421904510968,0,1,0
0,1,1,0,0,0,0,0,0,0,0,0,0,1,0,1,-0.4894421904510968,0,1,0
1,1,1,0,0,0,0,0,0,0,0,1,0,0,0,1,-0.04438103794142432,0,1,0
0,0,0,1,0,0,0,0,0,0,0,1,0,0,0,1,0.9391984311231651,0,0,1
1,0,0,0,0,0,1,0,0,0,0,1,0,0,1,0,4.634416897040849,0,1,0
0,0,0,1,0,0,0,0,0,0,0,0,0,1,0,1,-0.32425318983493084,0,1,0
1,1,1,0,0,0,0,0,0,0,0,0,0,1,0,1,-0.4888542575852486,0,1,0
0,0,0,0,1,0,0,0,0,0,0,1,0,0,0,1,0.7811411367084872,0,0,1
0,0,0,0,1,0,0,0,0,0,0,0,0,1,0,1,-0.24069423801061057,1,0,0
1,1,1,0,0,0,0,0,0,0,0,0,1,0,1,0,-0.3866707201133388,0,1,0
0,0,0,1,0,0,0,0,0,0,0,1,0,0,0,1,0.4207302360686478,0,1,0
0,1,1,0,0,0,0,0,0,0,0,0,0,1,0,1,-0.49237782784290063,0,1,0
1,0,0,0,1,0,0,0,0,0,0,0,1,0,1,0,-0.18532384824750675,1,0,0
1,0,0,1,0,0,0,0,0,0,0,0,0,1,0,1,-0.397241430886295,1,0,0
0,1,1,0,0,0,0,0,0,0,0,0,0,1,0,1,-0.45714212526638004,0,0,1
0,1,1,0,0,0,0,0,0,0,0,0,0,1,0,1,-0.4894421904510968,0,1,0
1,0,0,0,0,1,0,0,0,0,0,0,1,0,1,0,0.6603330135889879,0,0,1
1,0,0,0,1,0,0,0,0,0,0,0,1,0,0,1,-0.35646868933346404,1,0,0
0,1,1,0,0,0,0,0,0,0,0,0,0,1,0,1,-0.49145565916975514,0,1,0
0,1,1,0,0,0,0,0,0,0,0,0,1,0,0,1,-0.41687275089321363,0,1,0
0,1,1,0,0,0,0,0,0,0,0,0,0,1,0,1,-0.4863374216869257,0,0,1
1,1,1,0,0,0,0,0,0,0,0,1,0,0,1,0,1.093228788100527,0,0,1
0,1,1,0,0,0,0,0,0,0,0,0,0,1,0,1,-0.35646868933346404,0,1,0
0,1,1,0,0,0,0,0,0,0,0,0,0,1,0,1,-0.5049620073345151,0,0,1
1,1,1,0,0,0,0,0,0,0,0,0,0,1,0,1,-0.5028639729296732,0,1,0
1,0,0,0,0,1,0,0,0,0,0,1,0,0,1,0,1.7677408088510642,0,0,1
0,1,1,0,0,0,0,0,0,0,0,0,0,1,0,1,-0.4918744606632361,1,0,0
1,0,0,1,0,0,0,0,0,0,0,1,0,0,1,0,0.921244330558889,0,0,1
0,1,1,0,0,0,0,0,0,0,0,1,0,0,0,1,0.1489119590497745,0,1,0
0,1,1,0,0,0,0,0,0,0,0,0,0,1,1,0,-0.49237782784290063,0,1,0
0,0,0,1,0,0,0,0,0,0,0,0,0,1,0,1,-0.1621689579829361,0,1,0
0,1,1,0,0,0,0,0,0,0,0,0,0,1,0,1,-0.4800453319411184,0,0,1
0,1,1,0,0,0,0,0,0,0,0,0,0,1,0,1,-0.45714212526638004,0,1,0
0,1,1,0,0,0,0,0,0,0,0,0,0,1,0,1,-0.4902797934380587,0,0,1
0,1,1,0,0,0,0,0,0,0,0,0,1,0,1,0,-0.43700743807979686,0,0,1
0,1,1,0,0,0,0,0,0,0,0,0,0,1,0,1,-0.5029485386158568,0,1,0
1,0,0,0,0,0,1,0,0,0,0,0,1,0,1,0,-0.18532384824750675,0,0,1
0,1,1,0,0,0,0,0,0,0,0,0,0,1,0,1,-0.49237782784290063,0,1,0
0,1,1,0,0,0,0,0,0,0,0,0,0,1,0,1,-0.49237782784290063,0,1,0
1,1,1,0,0,0,0,0,0,0,0,0,0,1,1,0,-0.397241430886295,1,0,0
0,1,1,0,0,0,0,0,0,0,0,0,0,1,0,1,-0.4926295114327329,0,1,0
1,0,0,1,0,0,0,0,0,0,0,1,0,0,1,0,3.6067927997556075,0,0,1
1,1,1,0,0,0,0,0,0,0,0,0,0,1,1,0,-0.5028639729296732,1,0,0
1,0,0,1,0,0,0,0,0,0,0,1,0,0,1,0,0.49925551609632224,1,0,0
0,1,1,0,0,0,0,0,0,0,0,1,0,0,0,1,-0.04438103794142432,0,1,0
0,0,0,0,0,1,0,0,0,0,0,0,0,1,0,1,-0.17626323901354432,0,1,0
0,1,1,0,0,0,0,0,0,0,0,0,0,1,0,1,-0.5064721088735089,0,1,0
0,1,1,0,0,0,0,0,0,0,0,0,0,1,0,1,-0.5024451714361923,0,1,0
1,1,1,0,0,0,0,0,0,0,0,0,0,1,1,0,-0.4974960653257301,0,1,0
0,0,0,0,0,0,0,1,0,0,0,0,0,1,0,1,-0.06199888922968463,1,0,0
1,0,0,0,0,1,0,0,0,0,0,0,0,1,0,1,-0.23415046467497105,1,0,0
0,1,1,0,0,0,0,0,0,0,0,1,0,0,0,1,0.9462455716384695,0,0,1
0,1,1,0,0,0,0,0,0,0,0,0,0,1,0,1,-0.49237782784290063,0,1,0
0,1,1,0,0,0,0,0,0,0,0,0,1,0,0,1,-0.12491978668775715,1,0,0
0,0,0,0,0,0,0,0,0,0,1,0,0,1,1,0,0.7519458402879414,0,1,0
0,1,1,0,0,0,0,0,0,0,0,1,0,0,0,1,-0.030371322596999754,0,1,0
0,1,1,0,0,0,0,0,0,0,0,0,0,1,0,1,-0.4894421904510968,0,1,0
0,1,1,0,0,0,0,0,0,0,0,0,1,0,0,1,-0.3866707201133388,0,0,1
1,1,1,0,0,0,0,0,0,0,0,1,0,0,1,0,-0.1263453225405672,0,0,1
1,1,1,0,0,0,0,0,0,0,0,0,0,1,1,0,-0.4735861242916626,0,1,0
0,1,1,0,0,0,0,0,0,0,0,0,0,1,0,1,-0.5028639729296732,0,1,0
0,0,0,0,1,0,0,0,0,0,0,0,0,1,1,0,-0.1621689579829361,0,1,0
0,1,1,0,0,0,0,0,0,0,0,0,1,0,0,1,-0.3866707201133388,0,0,1
1,0,0,0,1,0,0,0,0,0,0,0,1,0,1,0,-0.11988611489111134,0,1,0
1,0,0,0,0,1,0,0,0,0,0,1,0,0,0,1,1.7677408088510642,1,0,0
1,0,0,1,0,0,0,0,0,0,0,0,0,1,0,1,-0.47694056317694733,1,0,0
1,1,1,0,0,0,0,0,0,0,0,0,0,1,0,1,-0.5079822104125026,0,1,0
0,1,1,0,0,0,0,0,0,0,0,0,0,1,0,1,-0.4918744606632361,0,1,0
0,1,1,0,0,0,0,0,0,0,0,1,0,0,0,1,-0.6484216535389205,0,0,1
0,1,1,0,0,0,0,0,0,0,0,0,0,1,1,0,-0.4918744606632361,0,1,0
0,1,1,0,0,0,0,0,0,0,0,0,1,0,0,1,-0.3866707201133388,0,0,1
1,0,0,1,0,0,0,0,0,0,0,1,0,0,1,0,0.4207302360686478,0,0,1
0,1,1,0,0,0,0,0,0,0,0,0,0,1,0,1,-0.4896093083547455,0,1,0
0,1,1,0,0,0,0,0,0,0,0,0,0,1,0,1,-0.1621689579829361,0,0,1
0,1,1,0,0,0,0,0,0,0,0,0,1,0,0,1,-0.43700743807979686,0,0,1
0,0,0,0,0,0,0,0,1,0,0,0,0,1,1,0,-0.01870931177853076,1,0,0
0,1,1,0,0,0,0,0,0,0,0,0,0,1,0,1,-0.4863374216869257,0,1,0
0,1,1,0,0,0,0,0,0,0,0,1,0,0,0,1,-0.6484216535389205,0,1,0
0,1,1,0,0,0,0,0,0,0,0,0,0,1,1,0,-0.4888542575852486,0,1,0
0,0,0,0,1,0,0,0,0,0,0,0,1,0,0,1,0.09664633805084172,0,1,0
0,1,1,0,0,0,0,0,0,0,0,0,0,1,0,1,-0.5185529211854588,0,0,1
0,0,0,0,0,0,0,1,0,0,0,0,0,1,0,1,-0.08666388103324908,1,0,0
1,0,0,0,1,0,0,0,0,0,0,1,0,0,1,0,1.2341715984066093,0,0,1
1,1,1,0,0,0,0,0,0,0,0,0,0,1,0,1,-0.47400492578514347,0,1,0
0,1,1,0,0,0,0,0,0,0,0,1,0,0,0,1,-0.6484216535389205,0,0,1
1,0,0,1,0,0,0,0,0,0,0,0,0,1,1,0,-0.397241430886295,0,1,0
0,0,0,0,0,0,0,1,0,0,0,0,0,1,0,1,0.1506737441786005,1,0,0
0,1,1,0,0,0,0,0,0,0,0,0,0,1,0,1,-0.5084855775921673,0,1,0
0,1,1,0,0,0,0,0,0,0,0,0,0,1,0,1,0.48910360681684706,0,1,0
1,0,0,0,1,0,0,0,0,0,0,0,1,0,0,1,0.09664633805084172,1,0,0
1,1,1,0,0,0,0,0,0,0,0,0,0,1,0,1,-0.49237782784290063,0,1,0
1,1,1,0,0,0,0,0,0,0,0,1,0,0,1,0,0.962353321387736,0,0,1
1,0,0,1,0,0,0,0,0,0,0,0,0,1,1,0,-0.3573908580066095,1,0,0
1,0,0,0,1,0,0,0,0,0,0,0,1,0,0,1,-0.2708962687904854,1,0,0
0,1,1,0,0,0,0,0,0,0,0,0,0,1,0,1,-0.5028639729296732,0,1,0
0,1,1,0,0,0,0,0,0,0,0,0,0,1,0,1,-0.4902797934380587,0,1,0
0,1,1,0,0,0,0,0,0,0,0,0,0,1,0,1,-0.48130374989027985,0,1,0
1,0,0,0,1,0,0,0,0,0,0,1,0,0,1,0,1.0259447039291216,0,0,1
0,1,1,0,0,0,0,0,0,0,0,0,0,1,0,1,-0.47400492578514347,0,1,0
0,1,1,0,0,0,0,0,0,0,0,0,0,1,0,1,-0.4863374216869257,0,1,0
1,1,1,0,0,0,0,0,0,0,0,0,0,1,0,1,0.48910360681684706,0,0,1
1,1,1,0,0,0,0,0,0,0,0,1,0,0,0,1,-0.05042144409739929,0,1,0
0,1,1,0,0,0,0,0,0,0,0,0,0,1,0,1,-0.4888542575852486,0,1,0
0,1,1,0,0,0,0,0,0,0,0,0,1,0,0,1,-0.43700743807979686,1,0,0
1,1,1,0,0,0,0,0,0,0,0,1,0,0,1,0,-0.024246350754841113,0,1,0
0,1,1,0,0,0,0,0,0,0,0,0,0,1,0,1,-0.5188046047752911,0,0,1
0,1,1,0,0,0,0,0,0,0,0,0,0,1,0,1,-0.47400492578514347,1,0,0
0,1,1,0,0,0,0,0,0,0,0,0,0,1,0,1,-0.49640476528021726,0,0,1
0,0,0,0,0,0,0,0,0,0,1,0,0,1,0,1,0.7519458402879414,0,1,0
0,1,1,0,0,0,0,0,0,0,0,0,0,1,0,1,-0.4894421904510968,0,0,1
0,0,0,1,0,0,0,0,0,0,0,0,1,0,0,1,0.016023023618325298,0,1,0
1,0,0,1,0,0,0,0,0,0,0,1,0,0,1,0,1.145663540471827,0,1,0
0,0,0,0,0,0,0,0,1,0,0,0,0,1,0,1,-0.01870931177853076,1,0,0
0,1,1,0,0,0,0,0,0,0,0,0,0,1,0,1,-0.4918744606632361,0,0,1
0,0,0,0,1,0,0,0,0,0,0,0,0,1,1,0,-0.3414522396297103,1,0,0
1,0,0,1,0,0,0,0,0,0,0,1,0,0,1,0,0.14488502161245778,1,0,0
0,0,0,1,0,0,0,0,0,0,0,0,1,0,1,0,-0.12491978668775715,0,0,1
1,0,0,1,0,0,0,0,0,0,0,0,0,1,1,0,-0.4601623283443675,0,1,0
1,0,0,0,1,0,0,0,0,0,0,1,0,0,1,0,2.671117778445337,0,0,1
1,1,1,0,0,0,0,0,0,0,0,1,0,0,0,1,-0.11384570873513637,0,0,1
1,0,0,0,0,1,0,0,0,0,0,0,0,1,1,0,-0.26066180729354516,0,1,0
0,1,1,0,0,0,0,0,0,0,0,0,0,1,0,1,-0.5028639729296732,0,1,0
0,0,0,0,1,0,0,0,0,0,0,0,0,1,0,1,-0.36435544630444866,0,0,1
0,0,0,1,0,0,0,0,0,0,0,0,1,0,0,1,-0.41687275089321363,0,1,0
1,1,1,0,0,0,0,0,0,0,0,1,0,0,1,0,-0.1263453225405672,0,0,1
0,0,0,0,0,0,0,0,0,0,1,0,0,1,1,0,0.7519458402879414,0,1,0
0,1,1,0,0,0,0,0,0,0,0,0,1,0,0,1,-0.3866707201133388,0,1,0
1,1,1,0,0,0,0,0,0,0,0,0,1,0,1,0,-0.3866707201133388,0,0,1
1,0,0,1,0,0,0,0,0,0,0,0,1,0,1,0,-0.3693891181010945,0,1,0
0,1,1,0,0,0,0,0,0,0,0,1,0,0,0,1,0.3682954836973478,0,1,0
0,1,1,0,0,0,0,0,0,0,0,0,0,1,0,1,-0.45714212526638004,0,1,0
1,0,0,0,1,0,0,0,0,0,0,0,0,1,0,1,-0.4242561406845337,1,0,0
0,1,1,0,0,0,0,0,0,0,0,0,0,1,0,1,-0.4894421904510968,0,1,0
1,0,0,0,1,0,0,0,0,0,0,1,0,0,1,0,0.40974072380221066,0,0,1
0,1,1,0,0,0,0,0,0,0,0,1,0,0,0,1,-0.5477482176060045,0,0,1
0,1,1,0,0,0,0,0,0,0,0,0,0,1,0,1,-0.46720946885967163,0,0,1
1,0,0,1,0,0,0,0,0,0,0,0,1,0,1,0,-0.16518916106092355,0,1,0
1,1,1,0,0,0,0,0,0,0,0,0,0,1,1,0,-0.5029485386158568,1,0,0
0,1,1,0,0,0,0,0,0,0,0,0,0,1,0,1,-0.45017955043725955,0,1,0
0,1,1,0,0,0,0,0,0,0,0,0,0,1,0,1,-0.4894421904510968,0,1,0
0,1,1,0,0,0,0,0,0,0,0,0,0,1,0,1,-0.4894421904510968,0,1,0
1,0,0,1,0,0,0,0,0,0,0,1,0,0,1,0,1.0259447039291216,0,0,1
1,0,0,1,0,0,0,0,0,0,0,0,1,0,1,0,-0.12491978668775715,0,1,0
0,1,1,0,0,0,0,0,0,0,0,0,0,1,0,1,-0.4894421904510968,0,0,1
0,1,1,0,0,0,0,0,0,0,0,0,0,1,1,0,-0.4366711888037809,0,1,0
0,1,1,0,0,0,0,0,0,0,0,0,1,0,0,1,-0.43700743807979686,0,1,0
0,1,1,0,0,0,0,0,0,0,0,0,0,1,0,1,-0.5064721088735089,0,1,0
0,0,0,0,0,0,0,1,0,0,0,0,0,1,1,0,-0.06199888922968463,0,0,1
0,1,1,0,0,0,0,0,0,0,0,0,1,0,0,1,-0.3866707201133388,0,1,0
1,1,1,0,0,0,0,0,0,0,0,1,0,0,1,0,-0.04438103794142432,0,1,0
0,0,0,0,0,1,0,0,0,0,0,0,0,1,1,0,-0.17626323901354432,0,1,0
1,1,1,0,0,0,0,0,0,0,0,1,0,0,0,1,-0.04438103794142432,0,1,0
0,1,1,0,0,0,0,0,0,0,0,0,0,1,0,1,-0.49237782784290063,0,0,1
